#SlantStack backend=cpu (double)
#Power mode=off
#SlantStack step_s_per_km=0.005 max_s_per_km=0.165 grid=67x67
#FrequencyBand {"requested_min_hz":0.10000000000000001,"requested_max_hz":0.25,"min_hz":0.099609375,"max_hz":0.25,"df_hz":0.0009765625,"min_bin":102,"max_bin":256,"fft_length":2048,"sample_interval_s":0.5,"spectrum_bins":266}
#DateRange start=2005-01-04 end=2005-01-14 inclusive=true
#0.0996094 0.25
#Start/Users/knishida/Projects/Autofocusing/repo/build-clang/matrix-audit-20050104-14/input/2005/0104/20050040000.h5 0 0.000182s
#LOAD_PROFILE init_s=0.0440036 read_decode_copy_s=2.83835 filter_s=0.248619 total_s=3.13097
#Read data: load_h5 /Users/knishida/Projects/Autofocusing/repo/build-clang/matrix-audit-20050104-14/input/2005/0104/20050040000.h5 685 3.13615s
2005-Jan-04 00:07:44 15260.1 234.349 1 609
2005-Jan-04 00:15:28 16227.7 228.301 1 611
2005-Jan-04 00:23:12 16746.8 236.197 1 614
2005-Jan-04 00:30:56 16311.6 234.872 1 613
2005-Jan-04 00:38:40 15548.8 233.828 1 610
2005-Jan-04 00:46:24 15439.9 243.193 1 609
2005-Jan-04 00:54:08 14981.8 241.104 1 614
2005-Jan-04 01:01:52 15598.2 244.801 1 611
2005-Jan-04 01:09:36 15601.4 249.233 1 612
2005-Jan-04 01:17:20 16020.7 244.058 1 615
2005-Jan-04 01:25:04 15140.9 253.426 1 614
2005-Jan-04 01:32:48 15285.3 245.678 1 614
2005-Jan-04 01:40:32 15290.6 235.742 1 611
2005-Jan-04 01:48:16 15478.9 252.479 1 609
2005-Jan-04 02:19:12 15628 262.003 1 613
2005-Jan-04 02:26:56 15517.1 288.363 1 614
2005-Jan-04 02:34:40 15457.2 270.867 1 609
2005-Jan-04 02:42:24 15679.6 267.427 1 614
2005-Jan-04 02:50:08 15026.6 276.12 1 611
2005-Jan-04 05:24:48 15390.4 303.349 1 614
2005-Jan-04 05:32:32 15409 284.898 1 617
2005-Jan-04 05:40:16 15172 295.019 1 616
2005-Jan-04 05:48:00 14913.1 280.672 1 621
2005-Jan-04 05:55:44 16013.9 283.69 1 617
2005-Jan-04 06:03:28 15827.4 279.759 1 617
#$9.53832e-17 -1.11386e-16 2
#deg max=110 1.91986
#dp_Δ max=-7.25e-06
#POWER_PROFILE stage=grid total_s=0.050282
#POWER_PROFILE stage=bootstrap total_s=0.786397
#$1.00348e-16 -7.02786e-17 0
#deg max=170 2.96706
#dp_Δ max=3.25e-06
#POWER_PROFILE stage=grid total_s=0.0510824
#POWER_PROFILE stage=bootstrap total_s=0.786442
#$1.04556e-16 -1.95729e-16 1
#deg max=175 3.05433
#dp_Δ max=2.5e-06
#POWER_PROFILE stage=grid total_s=0.051055
#POWER_PROFILE stage=bootstrap total_s=0.788019
#PROFILE segment=0 windows=25 fft_qc_s=0.0470619 pack_s=0.0130311 stack_s=3.16887 fit_s=3.16466 total_s=6.40976
#Segment 2005-Jan-04 0 accepted_windows=25
2005-Jan-04 05:55:44 16013.9 283.69 1 617
2005-Jan-04 06:03:28 15827.4 279.759 1 617
2005-Jan-04 06:11:12 15714.3 262.125 1 618
2005-Jan-04 06:18:56 15519.4 293.241 1 618
2005-Jan-04 06:26:40 15217.8 281.741 1 619
2005-Jan-04 06:34:24 14721.7 282.303 1 616
2005-Jan-04 06:42:08 15879.8 264.493 1 617
2005-Jan-04 06:49:52 15890.4 285.822 1 618
2005-Jan-04 06:57:36 15413.3 275.288 1 622
2005-Jan-04 07:05:20 15303.5 281.772 1 617
2005-Jan-04 07:13:04 14831.9 271.094 1 619
2005-Jan-04 07:20:48 15178.8 283.06 1 619
2005-Jan-04 07:28:32 15732.2 258.741 1 621
2005-Jan-04 07:36:16 15413.6 263.538 1 622
2005-Jan-04 07:44:00 15300.7 271.051 1 623
2005-Jan-04 07:51:44 15676.5 271.129 1 622
2005-Jan-04 07:59:28 15982.7 275.466 1 622
2005-Jan-04 08:07:12 14971.6 264.328 1 619
2005-Jan-04 08:14:56 15017 274.02 1 618
2005-Jan-04 08:22:40 15001.7 259.185 1 619
2005-Jan-04 08:30:24 15520.6 263.762 1 620
2005-Jan-04 08:38:08 15739.3 263.664 1 622
2005-Jan-04 09:09:04 15702.1 258.012 1 625
2005-Jan-04 09:16:48 15239.6 258.926 1 625
2005-Jan-04 09:24:32 15231.8 263.413 1 624
2005-Jan-04 09:32:16 15288.7 260.4 1 619
2005-Jan-04 09:40:00 15399.3 259.653 1 622
2005-Jan-04 09:47:44 15995 270.716 1 623
2005-Jan-04 09:55:28 15616.9 259.964 1 626
2005-Jan-04 10:03:12 14966.5 261.352 1 627
2005-Jan-04 10:10:56 15473.2 276.067 1 628
2005-Jan-04 10:18:40 15115.5 248.325 1 630
2005-Jan-04 10:26:24 15734.2 258.198 1 632
2005-Jan-04 10:34:08 15757 262.647 1 630
2005-Jan-04 10:41:52 15440.3 263.498 1 631
2005-Jan-04 10:49:36 15378.1 254.995 1 628
2005-Jan-04 10:57:20 15263.6 262.129 1 629
2005-Jan-04 11:05:04 15471.3 258.574 1 630
2005-Jan-04 11:12:48 15252.3 253.709 1 632
2005-Jan-04 11:20:32 14921.3 251.129 1 628
2005-Jan-04 11:28:16 15334.3 261.274 1 632
2005-Jan-04 11:36:00 15489.1 267.152 1 632
2005-Jan-04 11:43:44 14669.7 267.972 1 632
2005-Jan-04 11:51:28 15196.7 270.474 1 631
2005-Jan-04 11:59:12 15811.5 274.826 1 630
#$9.88791e-17 -1.1398e-16 2
#deg max=115 2.00713
#dp_Δ max=-2.75e-06
#POWER_PROFILE stage=grid total_s=0.0914362
#POWER_PROFILE stage=bootstrap total_s=1.41108
#$9.52067e-17 -5.84185e-17 0
#deg max=155 2.70526
#dp_Δ max=-1.85e-05
#POWER_PROFILE stage=grid total_s=0.0902705
#POWER_PROFILE stage=bootstrap total_s=1.41971
#$9.42888e-17 -1.7454e-16 1
#deg max=95 1.65806
#dp_Δ max=2.5e-07
#POWER_PROFILE stage=grid total_s=0.0898633
#POWER_PROFILE stage=bootstrap total_s=1.40966
#PROFILE segment=1 windows=45 fft_qc_s=0.0793153 pack_s=0.0241895 stack_s=5.8145 fit_s=5.88991 total_s=11.8098
#Segment 2005-Jan-04 1 accepted_windows=45
2005-Jan-04 11:51:28 15196.7 270.474 1 631
2005-Jan-04 11:59:12 15811.5 274.826 1 630
2005-Jan-04 12:06:56 15513.8 274.994 1 629
2005-Jan-04 12:14:40 15656.1 275.19 1 629
2005-Jan-04 12:22:24 15647.2 287.668 1 631
2005-Jan-04 12:30:08 14895.9 279.652 1 629
2005-Jan-04 12:37:52 14862.3 286.666 1 630
2005-Jan-04 12:45:36 15192.3 297.643 1 629
2005-Jan-04 12:53:20 15367.2 293.761 1 629
2005-Jan-04 13:01:04 15155 300.928 1 630
2005-Jan-04 13:08:48 15039.4 309.351 1 631
2005-Jan-04 13:16:32 15914.8 331.024 1 631
2005-Jan-04 13:24:16 16162.3 335.645 1 629
2005-Jan-04 13:32:00 15217.3 345.956 1 625
2005-Jan-04 13:39:44 14955.1 356.052 1 627
2005-Jan-04 13:47:28 15429.1 361.7 1 633
2005-Jan-04 13:55:12 15594.3 369.924 1 631
2005-Jan-04 14:02:56 15761.3 377.447 1 629
2005-Jan-04 14:10:40 14972.4 382.259 1 628
2005-Jan-04 14:18:24 15397.3 395.269 1 627
2005-Jan-04 14:26:08 15118.9 413.509 1 624
2005-Jan-04 14:33:52 15309.7 405.664 1 628
2005-Jan-04 14:41:36 15468.4 404.963 1 628
2005-Jan-04 14:49:20 15503.5 418.522 1 627
2005-Jan-04 14:57:04 15499.9 410.531 1 623
2005-Jan-04 15:04:48 15244.6 417.291 1 631
2005-Jan-04 15:12:32 14971.4 407.469 1 625
2005-Jan-04 15:20:16 15641.3 424.092 1 624
2005-Jan-04 15:28:00 15292.2 409.975 1 625
2005-Jan-04 15:35:44 15108.2 401.216 1 621
2005-Jan-04 15:43:28 15001.1 404.702 1 624
2005-Jan-04 15:51:12 15141.7 409.624 1 622
2005-Jan-04 15:58:56 15639.5 394.839 1 627
2005-Jan-04 16:06:40 15113.7 382.318 1 626
2005-Jan-04 16:14:24 15620.4 392.275 1 624
2005-Jan-04 16:22:08 15842.2 390.467 1 625
2005-Jan-04 16:29:52 15229.1 401.202 1 619
2005-Jan-04 16:37:36 15637.4 385.961 1 620
2005-Jan-04 16:45:20 15249.9 387.411 1 621
2005-Jan-04 16:53:04 14678.5 378.342 1 621
2005-Jan-04 17:00:48 15359.4 366.891 1 622
2005-Jan-04 17:08:32 15224 355.293 1 622
2005-Jan-04 17:16:16 15742.6 365.326 1 622
2005-Jan-04 17:24:00 15220.6 354.648 1 622
2005-Jan-04 17:31:44 15428.9 360.114 1 620
2005-Jan-04 17:39:28 15636.3 361.73 1 620
2005-Jan-04 17:47:12 15659.2 356.151 1 622
2005-Jan-04 17:54:56 15352 341.909 1 619
#$1.13532e-16 -1.26369e-16 2
#deg max=120 2.0944
#dp_Δ max=-3.5e-06
#POWER_PROFILE stage=grid total_s=0.0962266
#POWER_PROFILE stage=bootstrap total_s=1.50675
#$1.11228e-16 -6.42546e-17 0
#deg max=15 0.261799
#dp_Δ max=5.5e-06
#POWER_PROFILE stage=grid total_s=0.0963277
#POWER_PROFILE stage=bootstrap total_s=1.50218
#$1.02176e-16 -1.87177e-16 1
#deg max=175 3.05433
#dp_Δ max=1.75e-06
#POWER_PROFILE stage=grid total_s=0.0968382
#POWER_PROFILE stage=bootstrap total_s=1.50187
#PROFILE segment=2 windows=48 fft_qc_s=0.0787985 pack_s=0.0254579 stack_s=6.21876 fit_s=6.67546 total_s=13.0005
#Segment 2005-Jan-04 2 accepted_windows=48
2005-Jan-04 17:47:12 15659.2 356.151 1 622
2005-Jan-04 17:54:56 15352 341.909 1 619
2005-Jan-04 20:21:52 15138.8 345.946 1 614
2005-Jan-04 20:29:36 15613.9 347.351 1 616
2005-Jan-04 20:37:20 15574.8 355.302 1 616
2005-Jan-04 20:45:04 15429.8 362.78 1 615
2005-Jan-04 20:52:48 15795.4 365.64 1 612
2005-Jan-04 21:00:32 15654.1 365.582 1 615
2005-Jan-04 21:08:16 15093.7 365.905 1 617
2005-Jan-04 21:16:00 15434.8 376.585 1 615
2005-Jan-04 21:23:44 15559.9 374.139 1 613
2005-Jan-04 21:31:28 15945.6 372.6 1 612
2005-Jan-04 21:39:12 16042.8 375.712 1 613
2005-Jan-04 21:46:56 15653.5 383.316 1 615
2005-Jan-04 21:54:40 15735.9 397.847 1 614
2005-Jan-04 22:02:24 15794 403.011 1 612
2005-Jan-04 22:10:08 15899.7 403.836 1 614
2005-Jan-04 22:17:52 16450.5 419.577 1 616
2005-Jan-04 22:25:36 16055.7 431.248 1 611
2005-Jan-04 22:33:20 15898.2 423.723 1 616
2005-Jan-04 22:41:04 15603.9 451.61 1 615
2005-Jan-04 22:48:48 15536.6 438.92 1 615
2005-Jan-04 22:56:32 15138.4 428.897 1 617
2005-Jan-04 23:04:16 15382 450.867 1 613
2005-Jan-04 23:12:00 15525.1 456.56 1 616
2005-Jan-04 23:19:44 15283.2 468.874 1 613
2005-Jan-04 23:27:28 15391 451.416 1 614
2005-Jan-04 23:35:12 15184 485.101 1 617
#$1.46726e-16 -1.63748e-16 2
#deg max=115 2.00713
#dp_Δ max=-4.25e-06
#POWER_PROFILE stage=grid total_s=0.0563425
#POWER_PROFILE stage=bootstrap total_s=0.882114
#$1.85074e-16 -1.1368e-16 0
#deg max=30 0.523599
#dp_Δ max=9.25e-06
#POWER_PROFILE stage=grid total_s=0.0560457
#POWER_PROFILE stage=bootstrap total_s=0.883176
#$1.66367e-16 -2.60878e-16 1
#deg max=155 2.70526
#dp_Δ max=-5e-07
#POWER_PROFILE stage=grid total_s=0.0558139
#POWER_PROFILE stage=bootstrap total_s=0.887418
#PROFILE segment=3 windows=28 fft_qc_s=0.0469992 pack_s=0.0148452 stack_s=3.56908 fit_s=3.51532 total_s=7.16089
#Segment 2005-Jan-04 3 accepted_windows=28
#Start/Users/knishida/Projects/Autofocusing/repo/build-clang/matrix-audit-20050104-14/input/2005/0105/20050050000.h5 685 41.5205s
#LOAD_PROFILE init_s=0.0388887 read_decode_copy_s=2.91498 filter_s=0.251415 total_s=3.20529
#Read data: load_h5 /Users/knishida/Projects/Autofocusing/repo/build-clang/matrix-audit-20050104-14/input/2005/0105/20050050000.h5 688 44.73s
2005-Jan-05 00:00:00 16557 482.776 1 634
2005-Jan-05 00:07:44 14722.6 506.215 1 638
2005-Jan-05 00:15:28 15262.8 511.897 1 632
2005-Jan-05 00:23:12 15869 510.427 1 630
2005-Jan-05 00:30:56 15474.3 504.309 1 634
2005-Jan-05 00:38:40 16445.7 528.127 1 634
2005-Jan-05 00:46:24 16283.8 519.871 1 628
2005-Jan-05 00:54:08 15781.4 522.927 1 629
2005-Jan-05 01:01:52 15611.5 539.188 1 630
2005-Jan-05 01:09:36 15681 538.507 1 632
2005-Jan-05 01:17:20 15455 533.866 1 632
2005-Jan-05 01:25:04 15590.6 575.898 1 632
2005-Jan-05 01:32:48 15819.7 570.983 1 630
2005-Jan-05 01:40:32 15124.4 551.716 1 632
2005-Jan-05 01:48:16 15605.2 551.4 1 634
2005-Jan-05 01:56:00 15562.9 548.683 1 636
2005-Jan-05 02:03:44 15324.7 545.57 1 633
2005-Jan-05 02:11:28 15412.2 556.867 1 636
2005-Jan-05 02:19:12 15702.8 560.368 1 636
2005-Jan-05 02:26:56 15904.1 539.737 1 634
2005-Jan-05 02:34:40 15874.3 531.601 1 634
2005-Jan-05 02:42:24 15834.1 528.707 1 634
2005-Jan-05 02:50:08 15826.2 540.136 1 632
2005-Jan-05 02:57:52 15795 506.384 1 632
2005-Jan-05 03:05:36 15958.5 539.81 1 631
2005-Jan-05 03:13:20 15895.1 541.939 1 634
2005-Jan-05 03:21:04 15638.9 528.181 1 632
2005-Jan-05 03:28:48 15746.2 559.393 1 630
2005-Jan-05 03:36:32 15449.7 526.054 1 631
2005-Jan-05 03:44:16 18564 520.684 1 629
2005-Jan-05 03:52:00 18478.3 505.158 1 628
2005-Jan-05 03:59:44 15890.7 505.246 1 630
2005-Jan-05 04:07:28 15787 502.085 1 622
2005-Jan-05 05:09:20 16591.2 480.074 1 630
2005-Jan-05 05:17:04 15635.1 476.617 1 629
2005-Jan-05 05:24:48 15723.6 465.429 1 630
2005-Jan-05 05:32:32 16192.1 460.244 1 630
2005-Jan-05 05:40:16 15322.7 442.08 1 629
2005-Jan-05 05:48:00 15508.4 422.966 1 627
2005-Jan-05 05:55:44 15447.4 417.86 1 627
2005-Jan-05 06:03:28 15653 428.014 1 630
#$1.71238e-16 -1.95624e-16 2
#deg max=120 2.0944
#dp_Δ max=-4.25e-06
#POWER_PROFILE stage=grid total_s=0.0820205
#POWER_PROFILE stage=bootstrap total_s=1.28843
#$1.84723e-16 -9.06605e-17 0
#deg max=165 2.87979
#dp_Δ max=1e-06
#POWER_PROFILE stage=grid total_s=0.082243
#POWER_PROFILE stage=bootstrap total_s=1.28323
#$1.87965e-16 -3.38896e-16 1
#deg max=15 0.261799
#dp_Δ max=-5e-07
#POWER_PROFILE stage=grid total_s=0.0831667
#POWER_PROFILE stage=bootstrap total_s=1.287
#PROFILE segment=0 windows=41 fft_qc_s=0.0787601 pack_s=0.0222446 stack_s=5.37129 fit_s=5.28465 total_s=10.7589
#Segment 2005-Jan-05 0 accepted_windows=41
2005-Jan-05 05:55:44 15447.4 417.86 1 627
2005-Jan-05 06:03:28 15653 428.014 1 630
2005-Jan-05 06:11:12 15234.7 399.507 1 630
2005-Jan-05 06:18:56 15015.9 401.202 1 630
2005-Jan-05 06:26:40 14780.8 389.713 1 631
2005-Jan-05 06:34:24 16031.9 396.596 1 626
2005-Jan-05 06:42:08 15762 391.969 1 628
2005-Jan-05 06:49:52 15170 373.378 1 626
2005-Jan-05 06:57:36 15177.2 375.415 1 627
2005-Jan-05 07:05:20 15341.5 370.615 1 631
2005-Jan-05 07:20:48 15362.9 428.068 1 628
2005-Jan-05 07:36:16 16065 360.717 1 628
2005-Jan-05 07:44:00 15275.1 357.614 1 625
2005-Jan-05 07:51:44 15179.3 356.741 1 628
2005-Jan-05 07:59:28 15705.6 357.737 1 629
2005-Jan-05 08:07:12 15230.3 346.61 1 624
2005-Jan-05 08:14:56 15871 338.051 1 626
2005-Jan-05 08:22:40 15573.1 348.774 1 631
2005-Jan-05 08:30:24 15049.6 344.69 1 629
2005-Jan-05 08:38:08 15473.1 348.734 1 629
2005-Jan-05 09:09:04 15364.5 326.153 1 628
2005-Jan-05 09:16:48 15260.4 331.89 1 627
2005-Jan-05 09:24:32 15912.1 318.123 1 626
2005-Jan-05 09:32:16 15796.4 321.945 1 628
2005-Jan-05 09:40:00 15451 311.776 1 629
2005-Jan-05 09:47:44 15738.5 322.018 1 628
2005-Jan-05 09:55:28 15202.1 310.799 1 624
2005-Jan-05 10:03:12 15434.1 306.233 1 624
2005-Jan-05 10:10:56 15546.5 336.634 1 628
2005-Jan-05 10:34:08 15723 286.797 1 626
2005-Jan-05 10:41:52 15369.6 301.997 1 626
2005-Jan-05 10:49:36 15425.2 284.917 1 627
2005-Jan-05 10:57:20 15564.8 285.801 1 628
2005-Jan-05 11:05:04 15475.2 273.499 1 630
2005-Jan-05 11:12:48 14743.9 289.163 1 627
2005-Jan-05 11:20:32 15608 286.339 1 629
2005-Jan-05 11:28:16 15295.7 288.367 1 628
2005-Jan-05 11:36:00 15229.5 284.006 1 630
2005-Jan-05 11:43:44 15223.3 277.252 1 626
2005-Jan-05 11:51:28 15017.2 271.638 1 624
2005-Jan-05 11:59:12 15003.5 271.769 1 626
#$1.22912e-16 -1.43007e-16 2
#deg max=120 2.0944
#dp_Δ max=-1.25e-06
#POWER_PROFILE stage=grid total_s=0.0821508
#POWER_PROFILE stage=bootstrap total_s=1.28754
#deg max=35 0.610865
#dp_Δ max=-2.75e-06
#POWER_PROFILE stage=grid total_s=0.0828546
#POWER_PROFILE stage=bootstrap total_s=1.28659
#$1.37239e-16 -6.58617e-17 0
#deg max=95 1.65806
#dp_Δ max=-3.5e-06
#POWER_PROFILE stage=grid total_s=0.0840308
#POWER_PROFILE stage=bootstrap total_s=1.28795
#deg max=175 3.05433
#dp_Δ max=-1.25e-06
#POWER_PROFILE stage=grid total_s=0.0828189
#POWER_PROFILE stage=bootstrap total_s=1.29578
#$1.28806e-16 -2.45537e-16 1
#deg max=170 2.96706
#dp_Δ max=4e-06
#POWER_PROFILE stage=grid total_s=0.0818644
#POWER_PROFILE stage=bootstrap total_s=1.28598
#deg max=155 2.70526
#dp_Δ max=-2e-06
#POWER_PROFILE stage=grid total_s=0.0836978
#POWER_PROFILE stage=bootstrap total_s=1.28484
#PROFILE segment=1 windows=41 fft_qc_s=0.0790496 pack_s=0.0222788 stack_s=5.31809 fit_s=10.7989 total_s=16.2202
#Segment 2005-Jan-05 1 accepted_windows=41
2005-Jan-05 11:51:28 15017.2 271.638 1 624
2005-Jan-05 11:59:12 15003.5 271.769 1 626
2005-Jan-05 12:06:56 15708.8 273.023 1 625
2005-Jan-05 12:14:40 15486.5 273.094 1 626
2005-Jan-05 12:22:24 14872 264.212 1 626
2005-Jan-05 12:30:08 15283.1 260.828 1 629
2005-Jan-05 12:37:52 15299.7 266.321 1 627
2005-Jan-05 12:45:36 15434.5 260.816 1 630
2005-Jan-05 12:53:20 15370.1 264.052 1 629
2005-Jan-05 13:01:04 14976.5 252.059 1 625
2005-Jan-05 13:08:48 15460.7 252.064 1 628
2005-Jan-05 13:16:32 15058.2 250.313 1 628
2005-Jan-05 13:24:16 15201 242.272 1 625
2005-Jan-05 13:32:00 15748.2 239.643 1 628
2005-Jan-05 13:39:44 15537.1 236.08 1 631
2005-Jan-05 13:47:28 14903.7 244.877 1 624
2005-Jan-05 13:55:12 15409.3 247.645 1 626
2005-Jan-05 14:02:56 15284.3 243.918 1 624
2005-Jan-05 14:10:40 15612 232.976 1 625
2005-Jan-05 14:18:24 15285.8 236.674 1 626
2005-Jan-05 14:26:08 14964.5 234.268 1 625
2005-Jan-05 14:33:52 15019.7 247.183 1 628
2005-Jan-05 14:41:36 15300.5 246.282 1 628
2005-Jan-05 14:49:20 16617.8 251.477 1 630
2005-Jan-05 15:20:16 15582.2 229.458 1 626
2005-Jan-05 15:28:00 15520.5 212.283 1 629
2005-Jan-05 15:35:44 15243.7 203.015 1 629
2005-Jan-05 15:43:28 15196.7 204.59 1 630
2005-Jan-05 15:51:12 14933.8 199.92 1 631
2005-Jan-05 15:58:56 15316.4 205.058 1 630
2005-Jan-05 16:06:40 14774.6 201.299 1 628
2005-Jan-05 16:14:24 15339 201.017 1 633
2005-Jan-05 16:22:08 15141.7 200.6 1 632
2005-Jan-05 16:29:52 15594 194.768 1 636
2005-Jan-05 16:37:36 15237.4 193.4 1 636
2005-Jan-05 16:45:20 15078.5 187.705 1 632
2005-Jan-05 16:53:04 15258.3 184.929 1 635
2005-Jan-05 17:00:48 14722.9 192.338 1 630
2005-Jan-05 17:08:32 14796.6 183.937 1 636
2005-Jan-05 17:16:16 15680.6 181.501 1 637
2005-Jan-05 17:24:00 14844.3 180.925 1 635
2005-Jan-05 17:31:44 16291.7 182.52 1 634
2005-Jan-05 17:39:28 14989.7 175.457 1 632
2005-Jan-05 17:47:12 15451.2 172.1 1 634
2005-Jan-05 17:54:56 15240.9 172.408 1 633
#$7.063e-17 -8.65134e-17 2
#deg max=130 2.26893
#dp_Δ max=-3.5e-06
#POWER_PROFILE stage=grid total_s=0.09136
#POWER_PROFILE stage=bootstrap total_s=1.42645
#deg max=80 1.39626
#dp_Δ max=-2e-06
#POWER_PROFILE stage=grid total_s=0.0975386
#POWER_PROFILE stage=bootstrap total_s=1.41465
#$7.79198e-17 -2.96796e-17 0
#deg max=35 0.610865
#dp_Δ max=1.75e-06
#POWER_PROFILE stage=grid total_s=0.0953386
#POWER_PROFILE stage=bootstrap total_s=1.42486
#deg max=160 2.79253
#dp_Δ max=-1.25e-05
#POWER_PROFILE stage=grid total_s=0.0915741
#POWER_PROFILE stage=bootstrap total_s=1.4559
#$7.21162e-17 -1.44252e-16 1
#deg max=165 2.87979
#dp_Δ max=-5e-07
#POWER_PROFILE stage=grid total_s=0.155009
#POWER_PROFILE stage=bootstrap total_s=1.41513
#deg max=130 2.26893
#dp_Δ max=-1.925e-05
#POWER_PROFILE stage=grid total_s=0.0903756
#POWER_PROFILE stage=bootstrap total_s=1.41792
#PROFILE segment=2 windows=45 fft_qc_s=0.0793895 pack_s=0.0244409 stack_s=5.85406 fit_s=12.2917 total_s=18.2515
#Segment 2005-Jan-05 2 accepted_windows=45
2005-Jan-05 17:47:12 15451.2 172.1 1 634
2005-Jan-05 17:54:56 15240.9 172.408 1 633
2005-Jan-05 18:02:40 15563.6 174.562 1 634
2005-Jan-05 18:10:24 14806.9 170.298 1 634
2005-Jan-05 18:18:08 15023.1 166.047 1 634
2005-Jan-05 18:25:52 15480 158.682 1 634
2005-Jan-05 18:33:36 15164.9 164.576 1 633
2005-Jan-05 18:41:20 15272.2 157.651 1 637
2005-Jan-05 18:49:04 14913.2 152.749 1 634
2005-Jan-05 18:56:48 15418.6 157.829 1 636
2005-Jan-05 19:04:32 15675.3 149.892 1 635
2005-Jan-05 19:12:16 14625.6 151.616 1 633
2005-Jan-05 19:20:00 15204.7 155.87 1 633
2005-Jan-05 19:27:44 15258.5 149.848 1 636
2005-Jan-05 19:35:28 15105.8 151.647 1 637
2005-Jan-05 19:43:12 15289 153.19 1 637
2005-Jan-05 19:50:56 15333.2 148.911 1 638
2005-Jan-05 19:58:40 15262.2 142.755 1 636
2005-Jan-05 20:06:24 14929 142.109 1 634
2005-Jan-05 20:14:08 15811.3 145.602 1 634
2005-Jan-05 20:21:52 15164.7 147.559 1 634
2005-Jan-05 20:29:36 14918.8 139.605 1 635
2005-Jan-05 20:37:20 15306.1 142.029 1 633
2005-Jan-05 20:45:04 15501.8 140.588 1 635
2005-Jan-05 20:52:48 15674.9 136.131 1 636
2005-Jan-05 21:00:32 15635 137.126 1 635
2005-Jan-05 21:08:16 15471.9 136.013 1 632
2005-Jan-05 21:16:00 15121.5 136.199 1 638
2005-Jan-05 21:23:44 15839.9 138.489 1 638
2005-Jan-05 21:31:28 16045.1 145.263 1 637
2005-Jan-05 21:39:12 15791 161.797 1 637
2005-Jan-05 21:54:40 16619.8 148.539 1 636
2005-Jan-05 22:02:24 15666.9 146.28 1 634
2005-Jan-05 22:10:08 15404.4 131.724 1 637
2005-Jan-05 22:17:52 15410.7 129.42 1 637
2005-Jan-05 22:25:36 15049.5 131.73 1 638
2005-Jan-05 22:33:20 14560.4 126.77 1 636
2005-Jan-05 22:41:04 15525.2 127.688 1 637
2005-Jan-05 22:48:48 14708.1 127.47 1 636
2005-Jan-05 22:56:32 14765.2 126.946 1 636
2005-Jan-05 23:04:16 14757.5 126.101 1 639
2005-Jan-05 23:12:00 15688.6 127.573 1 636
2005-Jan-05 23:19:44 15626.7 127.286 1 635
2005-Jan-05 23:27:28 14850 126.078 1 637
#$3.88857e-17 -5.19889e-17 2
#deg max=95 1.65806
#dp_Δ max=-6.5e-06
#POWER_PROFILE stage=grid total_s=0.0880001
#POWER_PROFILE stage=bootstrap total_s=1.38307
#deg max=35 0.610865
#dp_Δ max=-2.75e-06
#POWER_PROFILE stage=grid total_s=0.090245
#POWER_PROFILE stage=bootstrap total_s=1.39193
#$4.32565e-17 -1.6029e-17 0
#deg max=55 0.959931
#dp_Δ max=-1.25e-06
#POWER_PROFILE stage=grid total_s=0.0881781
#$3.67468e-17 -7.53636e-17 1
#deg max=20 0.349066
#dp_Δ max=-5e-07
#POWER_PROFILE stage=grid total_s=0.0904162
#POWER_PROFILE stage=bootstrap total_s=1.39195
#deg max=175 3.05433
#dp_Δ max=-3.5e-06
#POWER_PROFILE stage=grid total_s=0.0880655
#PROFILE segment=3 windows=44 fft_qc_s=0.0765126 pack_s=0.0236598 stack_s=5.82362 fit_s=6.88124 total_s=12.8202
#Segment 2005-Jan-05 3 accepted_windows=44
#Start/Users/knishida/Projects/Autofocusing/repo/build-clang/matrix-audit-20050104-14/input/2005/0106/20050060000.h5 688 102.786s
#LOAD_PROFILE init_s=0.0376025 read_decode_copy_s=2.93984 filter_s=0.250403 total_s=3.22785
#Read data: load_h5 /Users/knishida/Projects/Autofocusing/repo/build-clang/matrix-audit-20050104-14/input/2005/0106/20050060000.h5 687 106.018s
2005-Jan-06 00:46:24 15663.8 130.16 1 639
2005-Jan-06 00:54:08 14998.8 130.512 1 638
2005-Jan-06 01:01:52 15632.1 125.45 1 639
2005-Jan-06 01:09:36 15029.1 127.557 1 638
2005-Jan-06 01:17:20 15046.8 121.867 1 634
2005-Jan-06 01:25:04 15201.3 123.821 1 638
2005-Jan-06 01:32:48 15754.1 121.652 1 639
2005-Jan-06 01:40:32 15399.4 122.51 1 640
2005-Jan-06 01:48:16 15965.3 121.119 1 638
2005-Jan-06 01:56:00 15427.4 122.547 1 639
2005-Jan-06 02:03:44 15546.6 119.04 1 636
2005-Jan-06 02:11:28 15596.4 114.881 1 637
2005-Jan-06 02:19:12 15490.7 118.169 1 637
2005-Jan-06 02:26:56 15309.1 121.577 1 639
2005-Jan-06 02:34:40 15182.6 118.857 1 639
2005-Jan-06 02:42:24 15324.8 121.398 1 639
2005-Jan-06 02:50:08 15354.7 121.406 1 636
2005-Jan-06 02:57:52 14665.1 124.341 1 638
2005-Jan-06 03:05:36 14919.8 121.615 1 640
2005-Jan-06 03:13:20 15512.9 119.836 1 639
2005-Jan-06 03:21:04 15592.4 117.93 1 636
2005-Jan-06 03:28:48 14973.6 119.109 1 635
2005-Jan-06 03:36:32 14554.5 118.904 1 637
2005-Jan-06 03:44:16 14750.6 121.803 1 638
2005-Jan-06 03:52:00 15014.8 120.358 1 638
2005-Jan-06 03:59:44 15245.5 123.799 1 636
2005-Jan-06 04:07:28 15891.2 120.143 1 638
2005-Jan-06 04:15:12 15410.1 120.072 1 637
2005-Jan-06 04:22:56 14934.8 121.218 1 636
2005-Jan-06 04:30:40 14819.2 122.944 1 632
2005-Jan-06 04:38:24 15520.6 122.824 1 637
2005-Jan-06 04:46:08 15528.6 122.45 1 635
2005-Jan-06 04:53:52 14789.4 120.384 1 635
2005-Jan-06 05:01:36 15096.5 124.8 1 635
2005-Jan-06 05:09:20 15122.8 120.859 1 636
2005-Jan-06 05:17:04 15007.8 121.853 1 633
2005-Jan-06 05:24:48 15727.4 124.53 1 631
2005-Jan-06 05:32:32 15389.7 133.886 1 635
2005-Jan-06 05:48:00 15181.4 117.93 1 631
2005-Jan-06 05:55:44 15372.9 124.914 1 631
2005-Jan-06 06:03:28 14815.1 123.723 1 631
#$2.24124e-17 -3.26763e-17 2
#deg max=100 1.74533
#dp_Δ max=-8e-06
#POWER_PROFILE stage=grid total_s=0.0819726
#POWER_PROFILE stage=bootstrap total_s=1.29788
#deg max=25 0.436332
#dp_Δ max=-2.75e-06
#POWER_PROFILE stage=grid total_s=0.0821369
#POWER_PROFILE stage=bootstrap total_s=1.30311
#$2.40508e-17 -1.09496e-17 0
#deg max=25 0.436332
#dp_Δ max=9.25e-06
#POWER_PROFILE stage=grid total_s=0.08256
#POWER_PROFILE stage=bootstrap total_s=1.29842
#deg max=70 1.22173
#dp_Δ max=2.5e-07
#POWER_PROFILE stage=grid total_s=0.0875644
#POWER_PROFILE stage=bootstrap total_s=1.56016
#$1.93801e-17 -4.10845e-17 1
#deg max=125 2.18166
#dp_Δ max=2.5e-06
#POWER_PROFILE stage=grid total_s=0.0971412
#POWER_PROFILE stage=bootstrap total_s=1.36182
#deg max=20 0.349066
#dp_Δ max=7e-06
#POWER_PROFILE stage=grid total_s=0.0889792
#POWER_PROFILE stage=bootstrap total_s=1.30089
#PROFILE segment=0 windows=41 fft_qc_s=0.0794774 pack_s=0.0224708 stack_s=5.48749 fit_s=11.9899 total_s=17.5811
#Segment 2005-Jan-06 0 accepted_windows=41
2005-Jan-06 05:55:44 15372.9 124.914 1 631
2005-Jan-06 06:03:28 14815.1 123.723 1 631
2005-Jan-06 06:11:12 14736.9 122.188 1 629
2005-Jan-06 06:18:56 15493 120.022 1 627
2005-Jan-06 06:26:40 15411.4 121.73 1 628
2005-Jan-06 06:34:24 14529.1 124.216 1 624
2005-Jan-06 06:42:08 15145.9 118.466 1 628
2005-Jan-06 06:49:52 15868.4 118.965 1 626
2005-Jan-06 06:57:36 15349.4 119.491 1 624
2005-Jan-06 07:05:20 14794.4 122.455 1 625
2005-Jan-06 07:13:04 14636.9 119.828 1 621
2005-Jan-06 07:20:48 14898.3 120.915 1 622
2005-Jan-06 07:28:32 14978 122.595 1 623
2005-Jan-06 07:36:16 15539.9 120.566 1 620
2005-Jan-06 07:44:00 15193 119.807 1 621
2005-Jan-06 07:51:44 14823.2 121.691 1 621
2005-Jan-06 07:59:28 14622.8 125.013 1 622
2005-Jan-06 08:07:12 15305.1 126.168 1 622
2005-Jan-06 08:14:56 15417.1 122.823 1 620
2005-Jan-06 08:22:40 15046.5 124.455 1 617
2005-Jan-06 08:30:24 15341 122.895 1 618
2005-Jan-06 08:38:08 14960.5 122.729 1 617
2005-Jan-06 09:09:04 15425.8 140.895 1 612
2005-Jan-06 09:24:32 16964 154.364 1 608
2005-Jan-06 10:03:12 17674.2 253.163 1 609
2005-Jan-06 10:49:36 15227.8 129.967 1 610
2005-Jan-06 10:57:20 14695 131.575 1 608
2005-Jan-06 11:05:04 15046.1 125.308 1 612
2005-Jan-06 11:12:48 15342.2 123.752 1 609
2005-Jan-06 11:20:32 15787.4 129.234 1 608
2005-Jan-06 11:28:16 15769.3 135.218 1 612
2005-Jan-06 11:36:00 15377.1 126.004 1 611
2005-Jan-06 11:43:44 14840.9 125.421 1 612
2005-Jan-06 11:51:28 15891.7 123.225 1 610
2005-Jan-06 11:59:12 15125.4 126.627 1 612
#$1.71305e-17 -3.11768e-17 2
#deg max=125 2.18166
#dp_Δ max=-5e-07
#POWER_PROFILE stage=grid total_s=0.0700453
#POWER_PROFILE stage=bootstrap total_s=1.1008
#deg max=80 1.39626
#dp_Δ max=7e-06
#POWER_PROFILE stage=grid total_s=0.0703063
#POWER_PROFILE stage=bootstrap total_s=1.09914
#deg max=30 0.523599
#dp_Δ max=-5e-07
#POWER_PROFILE stage=grid total_s=0.070353
#POWER_PROFILE stage=bootstrap total_s=1.10069
#deg max=25 0.436332
#dp_Δ max=-4.25e-06
#POWER_PROFILE stage=grid total_s=0.0698834
#POWER_PROFILE stage=bootstrap total_s=1.10163
#$2.09925e-17 -1.16664e-17 0
#deg max=50 0.872665
#dp_Δ max=5.5e-06
#POWER_PROFILE stage=grid total_s=0.070247
#POWER_PROFILE stage=bootstrap total_s=1.10866
#deg max=145 2.53073
#dp_Δ max=-5e-07
#POWER_PROFILE stage=grid total_s=0.0717223
#POWER_PROFILE stage=bootstrap total_s=1.09662
#$1.53243e-17 -3.75777e-17 1
#deg max=155 2.70526
#dp_Δ max=3.25e-06
#POWER_PROFILE stage=grid total_s=0.0705355
#POWER_PROFILE stage=bootstrap total_s=1.09814
#deg max=150 2.61799
#dp_Δ max=-3.5e-06
#POWER_PROFILE stage=grid total_s=0.070881
#POWER_PROFILE stage=bootstrap total_s=1.10808
#PROFILE segment=1 windows=35 fft_qc_s=0.0783945 pack_s=0.0186494 stack_s=4.47607 fit_s=12.0666 total_s=16.6415
#Segment 2005-Jan-06 1 accepted_windows=35
2005-Jan-06 11:51:28 15891.7 123.225 1 610
2005-Jan-06 11:59:12 15125.4 126.627 1 612
2005-Jan-06 12:06:56 15146.9 125.36 1 614
2005-Jan-06 12:14:40 15294.4 129.947 1 616
2005-Jan-06 12:22:24 15312.8 129.55 1 616
2005-Jan-06 12:30:08 15599.1 127.088 1 615
2005-Jan-06 12:37:52 14962.3 129.272 1 616
2005-Jan-06 12:45:36 14533.1 125.236 1 616
2005-Jan-06 12:53:20 15024.9 121.755 1 617
2005-Jan-06 13:01:04 15320.8 122.591 1 619
2005-Jan-06 13:08:48 15312.4 121.609 1 621
2005-Jan-06 13:16:32 14828 125.982 1 617
2005-Jan-06 13:24:16 15819.3 122.601 1 619
2005-Jan-06 13:32:00 15612.1 120.209 1 617
2005-Jan-06 13:39:44 15732.2 125.797 1 620
2005-Jan-06 13:47:28 15464 125.731 1 620
2005-Jan-06 13:55:12 15362.7 136.932 1 620
2005-Jan-06 14:02:56 15544 136.535 1 625
2005-Jan-06 14:10:40 17539.5 134.623 1 619
2005-Jan-06 14:26:08 16466 143.121 1 615
2005-Jan-06 14:33:52 15893.1 132.636 1 620
2005-Jan-06 14:41:36 15089.7 127.258 1 619
2005-Jan-06 14:49:20 14922.4 121.67 1 621
2005-Jan-06 14:57:04 15142.1 122.94 1 619
2005-Jan-06 15:04:48 14394.6 119.29 1 618
2005-Jan-06 15:12:32 14414.3 119.401 1 617
2005-Jan-06 15:20:16 15052.5 119.819 1 618
2005-Jan-06 15:28:00 14888 126.24 1 621
2005-Jan-06 15:35:44 15422.5 123.889 1 622
2005-Jan-06 15:43:28 14744.8 123.7 1 621
2005-Jan-06 15:51:12 14942.3 124.206 1 624
2005-Jan-06 15:58:56 15352.7 124.116 1 626
2005-Jan-06 16:06:40 14598.2 119.647 1 626
2005-Jan-06 16:14:24 15344.2 123.68 1 627
2005-Jan-06 16:22:08 14968.5 120.299 1 626
2005-Jan-06 16:29:52 15552.7 125.905 1 627
2005-Jan-06 16:37:36 15231.9 127.158 1 626
2005-Jan-06 16:45:20 14911.1 121.675 1 627
2005-Jan-06 16:53:04 15502.7 121.407 1 627
2005-Jan-06 17:00:48 15747.6 126.267 1 629
2005-Jan-06 17:08:32 15963.2 127.014 1 627
2005-Jan-06 17:16:16 15295.9 122.8 1 629
2005-Jan-06 17:24:00 14710.4 119.139 1 627
2005-Jan-06 17:31:44 14980 122.051 1 628
2005-Jan-06 17:39:28 14918.9 123.136 1 631
2005-Jan-06 17:47:12 15353.2 121.578 1 629
2005-Jan-06 17:54:56 14672.7 121.407 1 626
#$1.66824e-17 -3.55951e-17 2
#deg max=25 0.436332
#dp_Δ max=-5e-06
#POWER_PROFILE stage=grid total_s=0.0941118
#POWER_PROFILE stage=bootstrap total_s=1.47965
#deg max=125 2.18166
#dp_Δ max=-1.25e-06
#POWER_PROFILE stage=grid total_s=0.0948094
#POWER_PROFILE stage=bootstrap total_s=1.4792
#deg max=25 0.436332
#dp_Δ max=1.75e-06
#POWER_PROFILE stage=grid total_s=0.0938501
#POWER_PROFILE stage=bootstrap total_s=1.47924
#$1.92092e-17 -1.23541e-17 0
#deg max=45 0.785398
#dp_Δ max=1.75e-06
#POWER_PROFILE stage=grid total_s=0.0953902
#POWER_PROFILE stage=bootstrap total_s=1.48338
#deg max=115 2.00713
#dp_Δ max=2.5e-07
#POWER_PROFILE stage=grid total_s=0.0947383
#POWER_PROFILE stage=bootstrap total_s=1.47704
#$1.43568e-17 -3.78592e-17 1
#deg max=5 0.0872665
#dp_Δ max=2.5e-07
#POWER_PROFILE stage=grid total_s=0.0949113
#POWER_PROFILE stage=bootstrap total_s=1.48178
#deg max=175 3.05433
#dp_Δ max=1e-06
#POWER_PROFILE stage=grid total_s=0.0938361
#PROFILE segment=2 windows=47 fft_qc_s=0.0799896 pack_s=0.0255053 stack_s=6.06073 fit_s=13.2115 total_s=19.3797
#Segment 2005-Jan-06 2 accepted_windows=47
2005-Jan-06 17:47:12 15353.2 121.578 1 629
2005-Jan-06 17:54:56 14672.7 121.407 1 626
2005-Jan-06 18:02:40 14825.6 118.509 1 630
2005-Jan-06 18:10:24 15368 122.584 1 630
2005-Jan-06 18:18:08 15047.9 123.131 1 630
2005-Jan-06 18:25:52 15702.7 125.065 1 629
2005-Jan-06 18:33:36 15447.7 124.168 1 628
2005-Jan-06 18:41:20 15245.3 123.375 1 631
2005-Jan-06 18:49:04 15424.3 123.411 1 627
2005-Jan-06 18:56:48 15387.4 125.085 1 629
2005-Jan-06 19:04:32 15075.3 120.573 1 628
2005-Jan-06 19:12:16 15477.2 122.073 1 630
2005-Jan-06 19:20:00 15357.2 125.451 1 631
2005-Jan-06 19:27:44 15674.3 124.514 1 628
2005-Jan-06 19:35:28 15754.2 121.088 1 631
2005-Jan-06 19:43:12 15254.5 119.839 1 632
2005-Jan-06 19:50:56 15640.3 126.199 1 630
2005-Jan-06 19:58:40 16403.2 133.422 1 631
2005-Jan-06 20:06:24 15003.4 123.279 1 630
2005-Jan-06 20:14:08 15321.8 125.269 1 632
2005-Jan-06 20:21:52 14994.7 124.596 1 629
2005-Jan-06 20:29:36 15263.2 119.461 1 633
2005-Jan-06 20:37:20 15218 117.532 1 635
2005-Jan-06 20:45:04 15379.1 121.149 1 631
2005-Jan-06 22:33:20 16049.1 125.701 1 632
2005-Jan-06 22:41:04 15125.8 124.561 1 629
2005-Jan-06 22:48:48 15497.6 124.76 1 629
2005-Jan-06 22:56:32 15435.1 117.919 1 629
2005-Jan-06 23:04:16 14645.8 112.71 1 626
2005-Jan-06 23:12:00 15041.1 114.895 1 627
2005-Jan-06 23:19:44 15435.4 118.195 1 630
2005-Jan-06 23:27:28 15708.1 118.316 1 629
2005-Jan-06 23:35:12 15508.7 121.694 1 627
#$1.71686e-17 -3.89954e-17 2
#deg max=30 0.523599
#dp_Δ max=-2.75e-06
#POWER_PROFILE stage=grid total_s=0.0664867
#POWER_PROFILE stage=bootstrap total_s=1.30933
#$1.98388e-17 -1.45926e-17 0
#deg max=80 1.39626
#dp_Δ max=-5e-07
#POWER_PROFILE stage=grid total_s=0.0683643
#POWER_PROFILE stage=bootstrap total_s=1.05946
#deg max=20 0.349066
#dp_Δ max=-8e-06
#POWER_PROFILE stage=grid total_s=0.0677824
#POWER_PROFILE stage=bootstrap total_s=1.04057
#$1.49732e-17 -3.98927e-17 1
#deg max=5 0.0872665
#dp_Δ max=-2e-06
#POWER_PROFILE stage=grid total_s=0.0749415
#POWER_PROFILE stage=bootstrap total_s=1.08003
#PROFILE segment=3 windows=33 fft_qc_s=0.0766349 pack_s=0.01821 stack_s=4.32718 fit_s=6.47125 total_s=10.8951
#Segment 2005-Jan-06 3 accepted_windows=33
#Start/Users/knishida/Projects/Autofocusing/repo/build-clang/matrix-audit-20050104-14/input/2005/0107/20050070000.h5 687 170.521s
#LOAD_PROFILE init_s=0.0434321 read_decode_copy_s=3.03993 filter_s=0.250327 total_s=3.33369
#Read data: load_h5 /Users/knishida/Projects/Autofocusing/repo/build-clang/matrix-audit-20050104-14/input/2005/0107/20050070000.h5 688 173.858s
2005-Jan-07 00:00:00 14914.9 111.903 1 619
2005-Jan-07 00:07:44 15075.6 113.016 1 623
2005-Jan-07 00:15:28 15000.9 109.868 1 623
2005-Jan-07 00:23:12 15147.5 109.72 1 623
2005-Jan-07 00:30:56 14626.7 111.121 1 623
2005-Jan-07 00:38:40 14953.3 109.19 1 617
2005-Jan-07 00:46:24 14907.6 107.614 1 621
2005-Jan-07 00:54:08 15354.7 111.925 1 624
2005-Jan-07 01:01:52 15356.3 106.171 1 624
2005-Jan-07 01:09:36 15154.1 105.813 1 620
2005-Jan-07 01:17:20 15002.6 105.878 1 620
2005-Jan-07 01:25:04 14653.6 106.528 1 621
2005-Jan-07 01:32:48 14485.4 106.105 1 620
2005-Jan-07 01:40:32 15407.7 107.502 1 625
2005-Jan-07 01:48:16 15753.1 105.854 1 620
2005-Jan-07 01:56:00 15263.4 107.033 1 623
2005-Jan-07 02:03:44 15647.4 105.532 1 619
2005-Jan-07 02:11:28 15360.5 109.839 1 623
2005-Jan-07 02:19:12 14928.6 105.417 1 621
2005-Jan-07 02:26:56 14759.3 105.187 1 623
2005-Jan-07 02:34:40 14427.1 102.527 1 622
2005-Jan-07 02:42:24 14805.4 101.747 1 623
2005-Jan-07 02:50:08 15072.1 106.071 1 622
2005-Jan-07 02:57:52 15449.7 100.432 1 621
2005-Jan-07 03:05:36 15087.4 101.025 1 623
2005-Jan-07 03:13:20 15585 99.6413 1 622
2005-Jan-07 03:21:04 15267 98.0368 1 624
2005-Jan-07 03:28:48 14946.8 99.1234 1 623
2005-Jan-07 03:36:32 14842.1 96.3621 1 625
2005-Jan-07 03:44:16 15148.3 96.8606 1 625
2005-Jan-07 03:52:00 14922.8 97.218 1 622
2005-Jan-07 03:59:44 15295.1 97.8961 1 623
2005-Jan-07 04:07:28 14746.4 97.0177 1 624
2005-Jan-07 04:15:12 14761.2 96.5721 1 622
2005-Jan-07 04:22:56 14615.1 97.9371 1 622
2005-Jan-07 04:30:40 15475.3 95.7992 1 625
2005-Jan-07 04:38:24 14602.5 94.5331 1 621
2005-Jan-07 04:46:08 14787.8 98.4925 1 622
2005-Jan-07 04:53:52 15266.7 92.9557 1 621
2005-Jan-07 05:01:36 15123.8 94.1356 1 623
2005-Jan-07 05:09:20 15285.2 89.1084 1 620
2005-Jan-07 05:17:04 15158.8 93.4541 1 622
2005-Jan-07 05:24:48 14627.6 89.372 1 621
2005-Jan-07 05:32:32 14553.8 89.8129 1 624
2005-Jan-07 05:40:16 15553.7 89.9028 1 623
2005-Jan-07 05:48:00 15155.5 90.9278 1 623
2005-Jan-07 05:55:44 15355 92.7066 1 618
2005-Jan-07 06:03:28 14756.1 92.3291 1 620
#$1.58295e-17 -3.67403e-17 2
#deg max=20 0.349066
#dp_Δ max=-2e-05
#POWER_PROFILE stage=grid total_s=0.0974239
#POWER_PROFILE stage=bootstrap total_s=1.58611
#deg max=75 1.309
#dp_Δ max=-1.625e-05
#POWER_PROFILE stage=grid total_s=0.0960001
#POWER_PROFILE stage=bootstrap total_s=1.52769
#$1.69026e-17 -1.23925e-17 0
#deg max=20 0.349066
#dp_Δ max=-5e-07
#POWER_PROFILE stage=grid total_s=0.0962447
#POWER_PROFILE stage=bootstrap total_s=1.52099
#deg max=15 0.261799
#dp_Δ max=-4.25e-06
#POWER_PROFILE stage=grid total_s=0.0960115
#POWER_PROFILE stage=bootstrap total_s=1.51443
#deg max=115 2.00713
#dp_Δ max=2.5e-07
#POWER_PROFILE stage=grid total_s=0.0984412
#POWER_PROFILE stage=bootstrap total_s=1.51187
#$1.16471e-17 -3.25385e-17 1
#deg max=175 3.05433
#dp_Δ max=-2.75e-06
#POWER_PROFILE stage=grid total_s=0.097508
#POWER_PROFILE stage=bootstrap total_s=1.52457
#PROFILE segment=0 windows=48 fft_qc_s=0.0790222 pack_s=0.0258368 stack_s=6.19155 fit_s=12.9782 total_s=19.2764
#Segment 2005-Jan-07 0 accepted_windows=48
2005-Jan-07 05:55:44 15355 92.7066 1 618
2005-Jan-07 06:03:28 14756.1 92.3291 1 620
2005-Jan-07 06:11:12 15166.2 90.51 1 621
2005-Jan-07 06:18:56 14599.1 90.9621 1 621
2005-Jan-07 06:26:40 15288.2 88.947 1 618
2005-Jan-07 06:34:24 16043.5 88.7658 1 621
2005-Jan-07 06:42:08 15392.4 84.7054 1 622
2005-Jan-07 06:49:52 15365.4 87.427 1 623
2005-Jan-07 06:57:36 15034.1 85.3423 1 626
2005-Jan-07 07:05:20 15189.7 88.0573 1 623
2005-Jan-07 07:13:04 15520.7 84.9426 1 621
2005-Jan-07 07:20:48 15812.7 87.2132 1 621
2005-Jan-07 07:28:32 15130.1 84.4057 1 620
2005-Jan-07 07:36:16 15606 83.9067 1 622
2005-Jan-07 07:44:00 15480.2 84.0588 1 621
2005-Jan-07 07:51:44 15521.7 85.7799 1 621
2005-Jan-07 07:59:28 15007.6 87.2677 1 622
2005-Jan-07 08:07:12 15254.4 84.5729 1 621
2005-Jan-07 08:14:56 15062.7 87.4871 1 621
2005-Jan-07 08:22:40 15422.4 84.0852 1 626
2005-Jan-07 08:30:24 15047 84.3462 1 624
2005-Jan-07 08:38:08 15246.8 84.9577 1 622
2005-Jan-07 09:09:04 14763.7 85.7287 1 622
2005-Jan-07 09:16:48 14799.8 83.5165 1 623
2005-Jan-07 09:24:32 15456.5 84.8382 1 625
2005-Jan-07 09:32:16 14873.7 86.5348 1 624
2005-Jan-07 09:40:00 15379.9 89.9063 1 621
2005-Jan-07 09:47:44 14846.2 89.5416 1 619
2005-Jan-07 09:55:28 14453.8 88.8577 1 620
2005-Jan-07 10:03:12 15055.1 88.4705 1 623
2005-Jan-07 10:10:56 15102.7 89.9922 1 622
2005-Jan-07 10:18:40 14983.6 93.0795 1 620
2005-Jan-07 10:26:24 14922.6 93.2379 1 623
2005-Jan-07 10:34:08 14714.7 91.9393 1 620
2005-Jan-07 10:41:52 14873 91.3578 1 625
2005-Jan-07 10:49:36 15385.5 92.1541 1 622
2005-Jan-07 10:57:20 15101.1 93.4135 1 621
2005-Jan-07 11:05:04 14882.1 94.8535 1 622
2005-Jan-07 11:12:48 15334 95.4548 1 626
2005-Jan-07 11:20:32 15361.3 97.8115 1 627
2005-Jan-07 11:28:16 15329.1 100.052 1 626
2005-Jan-07 11:36:00 15643.5 100.347 1 627
2005-Jan-07 11:43:44 15491.7 103.803 1 628
2005-Jan-07 11:51:28 15355.6 100.695 1 632
2005-Jan-07 11:59:12 15240.2 104.928 1 628
#$1.23129e-17 -2.81526e-17 2
#deg max=30 0.523599
#dp_Δ max=-2.75e-06
#POWER_PROFILE stage=grid total_s=0.0905833
#POWER_PROFILE stage=bootstrap total_s=1.41812
#deg max=115 2.00713
#dp_Δ max=-6.5e-06
#POWER_PROFILE stage=grid total_s=0.0927774
#POWER_PROFILE stage=bootstrap total_s=1.42744
#$1.47037e-17 -1.02746e-17 0
#deg max=35 0.610865
#dp_Δ max=3.25e-06
#POWER_PROFILE stage=grid total_s=0.0900009
#POWER_PROFILE stage=bootstrap total_s=1.421
#deg max=10 0.174533
#dp_Δ max=5.5e-06
#POWER_PROFILE stage=grid total_s=0.0899271
#POWER_PROFILE stage=bootstrap total_s=1.41872
#$9.68222e-18 -2.55492e-17 1
#deg max=175 3.05433
#dp_Δ max=2.5e-06
#POWER_PROFILE stage=grid total_s=0.0899997
#POWER_PROFILE stage=bootstrap total_s=1.41814
#deg max=20 0.349066
#dp_Δ max=9.25e-06
#POWER_PROFILE stage=grid total_s=0.09123
#POWER_PROFILE stage=bootstrap total_s=1.42613
#PROFILE segment=1 windows=45 fft_qc_s=0.0794064 pack_s=0.0244244 stack_s=5.79688 fit_s=12.5012 total_s=18.4037
#Segment 2005-Jan-07 1 accepted_windows=45
2005-Jan-07 11:51:28 15355.6 100.695 1 632
2005-Jan-07 11:59:12 15240.2 104.928 1 628
2005-Jan-07 12:06:56 15392.1 108.48 1 629
2005-Jan-07 12:14:40 15535.7 112.06 1 632
2005-Jan-07 12:22:24 15199.7 111.307 1 629
2005-Jan-07 12:30:08 15227 112.655 1 633
2005-Jan-07 12:37:52 15566.5 113.364 1 629
2005-Jan-07 12:45:36 15592.6 117.6 1 630
2005-Jan-07 12:53:20 15195 118.462 1 632
2005-Jan-07 13:01:04 15239.7 118.033 1 631
2005-Jan-07 13:08:48 15766.7 123.795 1 632
2005-Jan-07 13:16:32 14961 121.864 1 627
2005-Jan-07 13:24:16 14962 123.423 1 631
2005-Jan-07 13:32:00 14902.2 121.936 1 632
2005-Jan-07 13:39:44 14929.9 130.295 1 635
2005-Jan-07 13:47:28 14640.1 138.37 1 634
2005-Jan-07 13:55:12 14996.9 137.75 1 633
2005-Jan-07 14:02:56 15241.6 136.78 1 633
2005-Jan-07 14:10:40 15324.8 135.136 1 632
2005-Jan-07 14:18:24 15090.4 136.213 1 631
2005-Jan-07 14:26:08 14821.8 139.22 1 636
2005-Jan-07 14:33:52 15654.8 149.52 1 634
2005-Jan-07 14:41:36 15614.9 149.32 1 638
2005-Jan-07 14:49:20 15420.6 155.127 1 640
2005-Jan-07 14:57:04 15692.5 159.902 1 633
2005-Jan-07 15:04:48 15325.6 165.531 1 641
2005-Jan-07 15:12:32 15792.8 164.385 1 642
2005-Jan-07 15:20:16 15016.4 168.099 1 643
2005-Jan-07 15:28:00 15301.4 175.187 1 645
2005-Jan-07 15:35:44 15220.1 183.606 1 643
2005-Jan-07 15:43:28 14929.6 192.796 1 647
2005-Jan-07 15:51:12 15481.9 202.69 1 646
2005-Jan-07 15:58:56 14837.6 203.7 1 648
2005-Jan-07 16:06:40 15245 210.136 1 649
2005-Jan-07 16:14:24 15468.9 226.604 1 646
2005-Jan-07 16:22:08 15673.5 223.936 1 648
2005-Jan-07 16:29:52 15427.6 240.794 1 646
2005-Jan-07 16:37:36 14969.9 263.392 1 649
2005-Jan-07 16:45:20 15094.2 263.246 1 645
2005-Jan-07 16:53:04 15531.4 274.57 1 648
2005-Jan-07 17:00:48 15759.5 290.016 1 649
2005-Jan-07 17:08:32 14621.4 282.424 1 653
2005-Jan-07 17:16:16 15703.3 296.847 1 651
2005-Jan-07 17:24:00 15176.2 317.041 1 646
2005-Jan-07 17:31:44 14982.2 322.778 1 648
2005-Jan-07 17:39:28 15512 341.182 1 646
2005-Jan-07 17:47:12 15717.8 341.434 1 645
2005-Jan-07 17:54:56 15402.3 347.201 1 646
#$8.38923e-17 -1.02306e-16 2
#$7.02275e-17 -4.78711e-17 0
#$6.01563e-17 -1.07275e-16 1
#PROFILE segment=2 windows=48 fft_qc_s=0.0796142 pack_s=0.0261253 stack_s=6.34329 fit_s=0.00113079 total_s=6.45221
#Segment 2005-Jan-07 2 accepted_windows=48
2005-Jan-07 17:47:12 15717.8 341.434 1 645
2005-Jan-07 17:54:56 15402.3 347.201 1 646
2005-Jan-07 18:02:40 14873.7 350.843 1 641
2005-Jan-07 18:10:24 15185.8 369.12 1 646
2005-Jan-07 18:18:08 15630.6 376.823 1 645
2005-Jan-07 18:25:52 15384.7 384.944 1 644
2005-Jan-07 18:33:36 14353.7 378.285 1 644
2005-Jan-07 18:41:20 15239.9 386.061 1 644
2005-Jan-07 18:49:04 15378.8 398.314 1 642
2005-Jan-07 18:56:48 15503.6 384.225 1 643
2005-Jan-07 19:04:32 14984.9 384.395 1 639
2005-Jan-07 19:12:16 15149.9 376.33 1 637
2005-Jan-07 19:20:00 15802.1 384.372 1 634
2005-Jan-07 19:27:44 15432 370.499 1 637
2005-Jan-07 19:35:28 15434.2 386.275 1 636
2005-Jan-07 19:43:12 14936 386.11 1 636
2005-Jan-07 19:50:56 15242.7 428.554 1 634
2005-Jan-07 19:58:40 15457.4 392.405 1 638
2005-Jan-07 20:06:24 16402.2 380.463 1 632
2005-Jan-07 20:14:08 16367.9 421.625 1 629
2005-Jan-07 20:21:52 16167 383.473 1 630
2005-Jan-07 20:29:36 15112.8 364.076 1 631
2005-Jan-07 20:37:20 15660.9 367.695 1 629
2005-Jan-07 20:45:04 15452.8 375.148 1 625
2005-Jan-07 20:52:48 15574.4 351.69 1 624
2005-Jan-07 21:00:32 15033.2 346.245 1 621
2005-Jan-07 21:08:16 15258.3 349.858 1 626
2005-Jan-07 21:16:00 15722.4 366.907 1 622
2005-Jan-07 21:23:44 15640.5 331.525 1 623
2005-Jan-07 21:31:28 15444 341.428 1 625
2005-Jan-07 21:39:12 15415 340.164 1 623
2005-Jan-07 21:46:56 15426.1 327.139 1 623
2005-Jan-07 21:54:40 14771.3 329.81 1 622
2005-Jan-07 22:02:24 15389 346.592 1 628
2005-Jan-07 22:10:08 15114.3 339.907 1 626
2005-Jan-07 22:17:52 15435.5 329.164 1 624
2005-Jan-07 22:25:36 15790.6 323.685 1 619
2005-Jan-07 22:33:20 15322.5 326.088 1 620
2005-Jan-07 22:41:04 15557 332.195 1 625
2005-Jan-07 22:48:48 15379.6 327.469 1 620
2005-Jan-07 22:56:32 15172.5 335.078 1 620
2005-Jan-07 23:04:16 15082.6 337.378 1 626
2005-Jan-07 23:12:00 15388.6 317.303 1 623
2005-Jan-07 23:19:44 15635.8 322.882 1 621
2005-Jan-07 23:27:28 16147 326.89 1 620
2005-Jan-07 23:35:12 15867.8 339.153 1 617
#$9.61957e-17 -1.17987e-16 2
#$9.45324e-17 -5.21973e-17 0
#$8.58165e-17 -1.60846e-16 1
#PROFILE segment=3 windows=46 fft_qc_s=0.0762956 pack_s=0.0245512 stack_s=5.99722 fit_s=0.00113442 total_s=6.10117
#Segment 2005-Jan-07 3 accepted_windows=46
#Start/Users/knishida/Projects/Autofocusing/repo/build-clang/matrix-audit-20050104-14/input/2005/0108/20050080000.h5 688 224.096s
#LOAD_PROFILE init_s=0.0410522 read_decode_copy_s=2.96427 filter_s=0.248129 total_s=3.25345
#Read data: load_h5 /Users/knishida/Projects/Autofocusing/repo/build-clang/matrix-audit-20050104-14/input/2005/0108/20050080000.h5 686 227.354s
2005-Jan-08 00:00:00 15644.5 319.771 1 629
2005-Jan-08 00:07:44 15084.8 304.714 1 626
2005-Jan-08 00:15:28 15139.1 303.165 1 630
2005-Jan-08 00:23:12 15369.2 317.873 1 629
2005-Jan-08 00:30:56 15589.5 300.627 1 624
2005-Jan-08 00:38:40 14875.7 304.09 1 624
2005-Jan-08 00:46:24 15620.6 311.015 1 625
2005-Jan-08 00:54:08 15443.5 309.583 1 627
2005-Jan-08 01:01:52 15309.1 308.883 1 625
2005-Jan-08 01:09:36 15682.1 302.186 1 631
2005-Jan-08 01:17:20 15248.9 298.991 1 627
2005-Jan-08 01:25:04 15429.6 293.291 1 626
2005-Jan-08 01:32:48 15011.2 286.623 1 628
2005-Jan-08 01:40:32 15535 286.725 1 630
2005-Jan-08 01:48:16 15247.7 298.806 1 629
2005-Jan-08 01:56:00 15335.8 304.948 1 628
2005-Jan-08 02:03:44 15520.3 308.844 1 626
2005-Jan-08 02:11:28 15197.1 307.073 1 628
2005-Jan-08 02:19:12 15899.1 295.088 1 629
2005-Jan-08 02:26:56 15478.4 291.546 1 626
2005-Jan-08 02:34:40 15472.2 292.883 1 632
2005-Jan-08 02:42:24 15416.9 293.616 1 630
2005-Jan-08 02:50:08 15481.8 279.005 1 629
2005-Jan-08 02:57:52 14997.9 287.503 1 628
2005-Jan-08 03:05:36 15329.8 285.797 1 631
2005-Jan-08 03:13:20 15782.5 284.255 1 629
2005-Jan-08 03:21:04 15307 286.552 1 627
2005-Jan-08 03:28:48 15405.3 279.768 1 630
2005-Jan-08 03:36:32 15376.2 269.174 1 628
2005-Jan-08 03:44:16 15358.7 283.109 1 630
2005-Jan-08 03:52:00 14811.3 278.449 1 631
2005-Jan-08 03:59:44 14990.9 286.511 1 628
2005-Jan-08 04:07:28 15645.1 273.727 1 631
2005-Jan-08 04:15:12 15409 278.156 1 629
2005-Jan-08 04:22:56 15289 281.012 1 627
2005-Jan-08 04:30:40 15495.8 269.346 1 628
2005-Jan-08 04:38:24 15770.6 274.339 1 627
2005-Jan-08 04:46:08 15727.3 275.286 1 627
2005-Jan-08 04:53:52 15535.8 268.545 1 627
2005-Jan-08 05:01:36 15690 263.736 1 631
2005-Jan-08 05:09:20 14854.9 269.31 1 628
2005-Jan-08 05:17:04 15734.3 271.525 1 628
2005-Jan-08 05:24:48 15609.9 264.994 1 632
2005-Jan-08 05:32:32 15270.6 259.278 1 629
2005-Jan-08 05:40:16 15386.4 255.368 1 630
2005-Jan-08 05:48:00 15365.3 259.422 1 627
2005-Jan-08 05:55:44 15662.8 254.771 1 628
2005-Jan-08 06:03:28 14868.6 268.54 1 630
#$1.06264e-16 -1.10572e-16 2
#$1.07271e-16 -5.78062e-17 0
#$1.04352e-16 -1.81778e-16 1
#PROFILE segment=0 windows=48 fft_qc_s=0.0786793 pack_s=0.02576 stack_s=6.24112 fit_s=0.00114125 total_s=6.34845
#Segment 2005-Jan-08 0 accepted_windows=48
2005-Jan-08 05:55:44 15662.8 254.771 1 628
2005-Jan-08 06:03:28 14868.6 268.54 1 630
2005-Jan-08 06:11:12 15449.2 260.089 1 630
2005-Jan-08 06:18:56 15066 261.227 1 628
2005-Jan-08 06:26:40 15081.2 268.474 1 628
2005-Jan-08 06:34:24 15128.1 259.744 1 629
2005-Jan-08 06:42:08 15047.7 253.174 1 630
2005-Jan-08 06:49:52 14987.8 259.538 1 632
2005-Jan-08 06:57:36 14682.7 258.08 1 631
2005-Jan-08 07:05:20 15200.6 258.65 1 627
2005-Jan-08 07:13:04 14949.7 259.451 1 626
2005-Jan-08 07:20:48 14972.5 259.032 1 627
2005-Jan-08 07:28:32 15068.8 256.917 1 628
2005-Jan-08 07:36:16 14884.9 265.469 1 625
2005-Jan-08 07:44:00 14711.4 260.709 1 629
2005-Jan-08 07:51:44 15095.8 254.381 1 628
2005-Jan-08 07:59:28 15270.6 253.809 1 626
2005-Jan-08 08:07:12 15059.9 257.722 1 626
2005-Jan-08 08:14:56 15124.5 260.261 1 628
2005-Jan-08 08:22:40 14677.2 257.608 1 628
2005-Jan-08 08:30:24 14766 257.343 1 627
2005-Jan-08 08:38:08 15593.4 263.4 1 630
2005-Jan-08 09:09:04 15244.9 252.926 1 629
2005-Jan-08 09:16:48 15121.8 251.46 1 631
2005-Jan-08 09:24:32 15584.7 250.097 1 629
2005-Jan-08 09:32:16 15201 250.157 1 628
2005-Jan-08 09:40:00 14866.6 253.373 1 628
2005-Jan-08 09:47:44 14941.6 244.809 1 626
2005-Jan-08 09:55:28 14858.8 246.886 1 629
2005-Jan-08 10:03:12 15065.3 255.16 1 624
2005-Jan-08 10:10:56 15005.6 253.943 1 628
2005-Jan-08 10:18:40 14918 250.23 1 628
2005-Jan-08 10:26:24 14859.9 254.997 1 630
2005-Jan-08 10:34:08 15456.4 251.498 1 628
2005-Jan-08 10:41:52 15145.4 252.696 1 628
2005-Jan-08 10:49:36 15323.5 248.231 1 624
2005-Jan-08 10:57:20 14651.2 244.861 1 625
2005-Jan-08 11:05:04 14728.1 247.594 1 623
2005-Jan-08 11:12:48 14971.2 247.61 1 624
2005-Jan-08 11:20:32 15172 227.29 1 624
2005-Jan-08 11:28:16 15023 229.189 1 625
2005-Jan-08 11:36:00 15411.5 221.479 1 622
2005-Jan-08 11:43:44 14969.3 225.131 1 625
2005-Jan-08 11:51:28 14786 219.4 1 625
2005-Jan-08 11:59:12 15513.9 218.723 1 624
#$8.76633e-17 -9.66585e-17 2
#deg max=40 0.698132
#dp_Δ max=-2.75e-06
#POWER_PROFILE stage=grid total_s=0.0895327
#POWER_PROFILE stage=bootstrap total_s=1.46424
#$9.09777e-17 -4.99735e-17 0
#deg max=55 0.959931
#dp_Δ max=2.5e-07
#POWER_PROFILE stage=grid total_s=0.0906385
#POWER_PROFILE stage=bootstrap total_s=1.41218
#$8.37496e-17 -1.45337e-16 1
#deg max=175 3.05433
#dp_Δ max=1.75e-06
#POWER_PROFILE stage=grid total_s=0.0904244
#POWER_PROFILE stage=bootstrap total_s=1.47417
#PROFILE segment=1 windows=45 fft_qc_s=0.0779243 pack_s=0.0242265 stack_s=5.8333 fit_s=6.48529 total_s=12.4227
#Segment 2005-Jan-08 1 accepted_windows=45
2005-Jan-08 11:51:28 14786 219.4 1 625
2005-Jan-08 11:59:12 15513.9 218.723 1 624
2005-Jan-08 12:06:56 15674.5 217.635 1 626
2005-Jan-08 12:14:40 15266.9 220.031 1 626
2005-Jan-08 12:22:24 14888.3 219.796 1 624
2005-Jan-08 12:30:08 15018.7 215.597 1 626
2005-Jan-08 12:37:52 15768.4 199.835 1 624
2005-Jan-08 12:45:36 14855.8 209.643 1 627
2005-Jan-08 12:53:20 14867.6 199.777 1 624
2005-Jan-08 13:01:04 14669.5 196.142 1 625
2005-Jan-08 13:08:48 14706.2 194.382 1 622
2005-Jan-08 13:16:32 14352.3 195.778 1 625
2005-Jan-08 13:24:16 15136 191.348 1 623
2005-Jan-08 13:32:00 15072.8 189.076 1 622
2005-Jan-08 13:39:44 15214.9 190.191 1 621
2005-Jan-08 13:47:28 15182.4 182.984 1 620
2005-Jan-08 13:55:12 14827.3 181.278 1 623
2005-Jan-08 14:02:56 15200.1 186.966 1 625
2005-Jan-08 14:10:40 15255.1 182.833 1 620
2005-Jan-08 14:18:24 15312.6 178.012 1 623
2005-Jan-08 14:26:08 15375.8 179.12 1 625
2005-Jan-08 14:33:52 15273.1 174.992 1 624
2005-Jan-08 14:41:36 14868.6 179.089 1 623
2005-Jan-08 14:49:20 14977.4 166.616 1 620
2005-Jan-08 14:57:04 15501.5 173.166 1 623
2005-Jan-08 15:04:48 15364.6 177.107 1 619
2005-Jan-08 15:12:32 14959.4 165.354 1 620
2005-Jan-08 15:20:16 16166.1 166.545 1 620
2005-Jan-08 15:28:00 15235.2 166.094 1 617
2005-Jan-08 15:35:44 15025.7 166.497 1 618
2005-Jan-08 15:43:28 14787.7 163.311 1 619
2005-Jan-08 15:51:12 14767.5 166.274 1 616
2005-Jan-08 15:58:56 14567 167.323 1 616
2005-Jan-08 16:06:40 15164.1 163.035 1 617
2005-Jan-08 16:14:24 15590 172.095 1 613
2005-Jan-08 16:22:08 15482.3 168.271 1 617
2005-Jan-08 16:29:52 15440 161.574 1 616
2005-Jan-08 16:37:36 14841.7 159.314 1 616
2005-Jan-08 16:45:20 14381.4 160.898 1 613
2005-Jan-08 16:53:04 14579 156.508 1 616
2005-Jan-08 17:00:48 14708.5 159.942 1 611
2005-Jan-08 17:08:32 15149.9 161.362 1 610
2005-Jan-08 17:16:16 14841.6 158.896 1 613
2005-Jan-08 17:24:00 15098.7 153.76 1 610
2005-Jan-08 17:31:44 14990.5 158.779 1 606
2005-Jan-08 17:39:28 15122.8 153.342 1 610
2005-Jan-08 17:47:12 15559.1 154.851 1 611
2005-Jan-08 17:54:56 15078 160.106 1 610
#$4.40485e-17 -5.87413e-17 2
#deg max=60 1.0472
#dp_Δ max=-5e-07
#POWER_PROFILE stage=grid total_s=0.0973591
#POWER_PROFILE stage=bootstrap total_s=1.51163
#$5.42273e-17 -2.79616e-17 0
#deg max=5 0.0872665
#dp_Δ max=-1.7e-05
#POWER_PROFILE stage=grid total_s=0.096294
#POWER_PROFILE stage=bootstrap total_s=1.51765
#$4.93808e-17 -8.84407e-17 1
#deg max=165 2.87979
#dp_Δ max=-2.75e-06
#POWER_PROFILE stage=grid total_s=0.0965621
#POWER_PROFILE stage=bootstrap total_s=1.50645
#PROFILE segment=2 windows=48 fft_qc_s=0.0793859 pack_s=0.0254427 stack_s=6.14756 fit_s=6.44623 total_s=12.7007
#Segment 2005-Jan-08 2 accepted_windows=48
2005-Jan-08 17:47:12 15559.1 154.851 1 611
2005-Jan-08 17:54:56 15078 160.106 1 610
2005-Jan-08 18:02:40 15076.7 161.817 1 606
2005-Jan-08 18:10:24 15017.8 152.998 1 609
2005-Jan-08 18:18:08 14328.7 149.429 1 608
2005-Jan-08 18:25:52 14962 150.615 1 605
2005-Jan-08 18:33:36 15193.9 152.439 1 609
2005-Jan-08 18:41:20 14998.1 153.143 1 607
2005-Jan-08 18:49:04 14917.8 149.292 1 608
2005-Jan-08 18:56:48 15340.1 146.972 1 609
2005-Jan-08 19:04:32 15319.9 145.999 1 608
2005-Jan-08 19:12:16 15468.8 142.879 1 608
2005-Jan-08 19:20:00 15141.4 142.202 1 606
2005-Jan-08 19:27:44 15033.9 141.353 1 609
2005-Jan-08 19:35:28 15165.9 136.972 1 605
2005-Jan-08 19:43:12 15538.1 143.207 1 609
2005-Jan-08 19:50:56 15012 138.62 1 607
2005-Jan-08 19:58:40 15599.3 142.074 1 603
2005-Jan-08 20:06:24 15038.1 140.913 1 604
2005-Jan-08 20:14:08 14572.8 135.219 1 609
2005-Jan-08 20:21:52 15107 135.838 1 608
2005-Jan-08 20:29:36 15513.8 135.055 1 607
2005-Jan-08 20:37:20 15389.9 128.436 1 603
2005-Jan-08 20:45:04 15142 130.165 1 609
2005-Jan-08 20:52:48 14817.6 127.396 1 606
2005-Jan-08 21:00:32 15477.1 122.073 1 605
2005-Jan-08 21:08:16 14725.1 122.359 1 602
2005-Jan-08 21:16:00 14528.1 124.551 1 605
2005-Jan-08 21:23:44 14800.7 123.23 1 606
2005-Jan-08 21:31:28 14694.4 125.678 1 608
2005-Jan-08 21:39:12 15131.8 122.384 1 604
2005-Jan-08 21:46:56 14834.8 118.334 1 607
2005-Jan-08 21:54:40 15066.5 120.586 1 605
2005-Jan-08 22:02:24 15071.9 123.187 1 608
2005-Jan-08 22:10:08 15247.8 120.919 1 606
2005-Jan-08 22:17:52 15043.8 121.599 1 607
2005-Jan-08 22:25:36 14940 114.859 1 610
2005-Jan-08 22:33:20 15266.9 120.586 1 604
2005-Jan-08 22:41:04 15208 118.899 1 609
2005-Jan-08 22:48:48 15646.5 120.521 1 605
2005-Jan-08 22:56:32 14946.5 119.343 1 610
2005-Jan-08 23:04:16 14770.4 115.582 1 610
2005-Jan-08 23:12:00 14723.6 115.623 1 605
2005-Jan-08 23:19:44 15169.1 119.085 1 608
2005-Jan-08 23:27:28 14820.2 115.559 1 606
2005-Jan-08 23:35:12 14956.2 110.409 1 609
#$2.57534e-17 -3.80327e-17 2
#deg max=65 1.13446
#dp_Δ max=-5e-07
#POWER_PROFILE stage=grid total_s=0.0915698
#POWER_PROFILE stage=bootstrap total_s=1.45044
#$3.3752e-17 -1.72452e-17 0
#deg max=65 1.13446
#dp_Δ max=-2.75e-06
#POWER_PROFILE stage=grid total_s=0.0934248
#POWER_PROFILE stage=bootstrap total_s=1.45379
#$2.72458e-17 -5.57879e-17 1
#deg max=175 3.05433
#dp_Δ max=6.25e-06
#POWER_PROFILE stage=grid total_s=0.0922614
#POWER_PROFILE stage=bootstrap total_s=1.44365
#PROFILE segment=3 windows=46 fft_qc_s=0.0758956 pack_s=0.0244518 stack_s=5.77287 fit_s=6.17173 total_s=12.0471
#Segment 2005-Jan-08 3 accepted_windows=46
#Start/Users/knishida/Projects/Autofocusing/repo/build-clang/matrix-audit-20050104-14/input/2005/0109/20050090000.h5 686 270.876s
#LOAD_PROFILE init_s=0.0400678 read_decode_copy_s=2.92914 filter_s=0.251011 total_s=3.22022
#Read data: load_h5 /Users/knishida/Projects/Autofocusing/repo/build-clang/matrix-audit-20050104-14/input/2005/0109/20050090000.h5 686 274.101s
2005-Jan-09 00:00:00 15175.8 116.112 1 614
2005-Jan-09 00:07:44 15418.7 119.594 1 612
2005-Jan-09 00:15:28 16051.7 115.18 1 615
2005-Jan-09 00:23:12 16903.7 124.066 1 614
2005-Jan-09 00:30:56 15264.6 127.656 1 616
2005-Jan-09 00:38:40 14762.1 119.084 1 615
2005-Jan-09 00:46:24 15444.1 114.504 1 620
2005-Jan-09 00:54:08 14623.5 119.381 1 621
2005-Jan-09 01:01:52 14248.3 117.139 1 620
2005-Jan-09 01:09:36 14734.1 114.8 1 620
2005-Jan-09 01:17:20 14984.6 112.336 1 624
2005-Jan-09 01:25:04 15148.3 116.693 1 622
2005-Jan-09 01:32:48 15150.5 122.597 1 623
2005-Jan-09 01:40:32 15131 118.264 1 621
2005-Jan-09 01:48:16 15063 117.993 1 625
2005-Jan-09 01:56:00 15385 115.7 1 622
2005-Jan-09 02:03:44 15141.4 117.411 1 622
2005-Jan-09 02:11:28 15227.8 118.188 1 621
2005-Jan-09 02:19:12 15154.2 120.227 1 620
2005-Jan-09 02:26:56 15091.8 122.039 1 622
2005-Jan-09 02:34:40 15306 119.295 1 626
2005-Jan-09 02:42:24 15170.8 118.205 1 627
2005-Jan-09 02:50:08 15358.7 125.425 1 627
2005-Jan-09 02:57:52 15536.7 127.274 1 622
2005-Jan-09 03:05:36 15625.8 127.191 1 625
2005-Jan-09 03:13:20 15142.4 125.22 1 626
2005-Jan-09 03:21:04 15527.3 123.535 1 626
2005-Jan-09 03:28:48 15892.7 129.897 1 626
2005-Jan-09 03:36:32 15179.5 126.209 1 623
2005-Jan-09 03:44:16 15478.3 126.514 1 626
2005-Jan-09 03:52:00 15232.4 132.801 1 627
2005-Jan-09 04:07:28 15853.4 151.516 1 626
2005-Jan-09 04:15:12 15433.8 141.691 1 622
2005-Jan-09 04:22:56 15294.6 138.597 1 627
2005-Jan-09 04:30:40 15350.9 134.085 1 627
2005-Jan-09 04:38:24 15438.2 139.913 1 626
2005-Jan-09 04:46:08 14976 138.114 1 627
2005-Jan-09 04:53:52 15111.6 136.479 1 628
2005-Jan-09 05:01:36 16420.4 142.478 1 628
2005-Jan-09 05:09:20 16224.6 143.619 1 632
2005-Jan-09 05:17:04 15872.4 141.33 1 629
2005-Jan-09 05:24:48 14931.1 142.971 1 628
2005-Jan-09 05:32:32 15104.6 141.001 1 633
2005-Jan-09 05:40:16 14938.4 142.102 1 633
2005-Jan-09 05:48:00 15266.2 144.985 1 631
2005-Jan-09 05:55:44 15077.9 144.544 1 634
2005-Jan-09 06:03:28 15088.4 147.283 1 633
#$3.74009e-17 -4.68958e-17 2
#deg max=25 0.436332
#dp_Δ max=2.5e-07
#POWER_PROFILE stage=grid total_s=0.0936073
#POWER_PROFILE stage=bootstrap total_s=1.4872
#deg max=120 2.0944
#dp_Δ max=1.75e-06
#POWER_PROFILE stage=grid total_s=0.0950037
#POWER_PROFILE stage=bootstrap total_s=1.47545
#$4.12835e-17 -2.25666e-17 0
#deg max=125 2.18166
#dp_Δ max=1e-06
#POWER_PROFILE stage=grid total_s=0.0947202
#POWER_PROFILE stage=bootstrap total_s=1.49423
#deg max=25 0.436332
#dp_Δ max=2.5e-07
#POWER_PROFILE stage=grid total_s=0.0947888
#POWER_PROFILE stage=bootstrap total_s=1.48214
#$3.28431e-17 -5.87066e-17 1
#deg max=10 0.174533
#dp_Δ max=2.5e-06
#POWER_PROFILE stage=grid total_s=0.0961192
#POWER_PROFILE stage=bootstrap total_s=1.47971
#deg max=5 0.0872665
#dp_Δ max=9.25e-06
#POWER_PROFILE stage=grid total_s=0.0936083
#POWER_PROFILE stage=bootstrap total_s=1.48098
#PROFILE segment=0 windows=47 fft_qc_s=0.0782697 pack_s=0.0253565 stack_s=6.06407 fit_s=12.9063 total_s=19.076
#Segment 2005-Jan-09 0 accepted_windows=47
2005-Jan-09 05:55:44 15077.9 144.544 1 634
2005-Jan-09 06:03:28 15088.4 147.283 1 633
2005-Jan-09 06:11:12 15974.6 143.074 1 632
2005-Jan-09 06:18:56 15028.1 141.534 1 633
2005-Jan-09 06:26:40 14824.4 145.287 1 634
2005-Jan-09 06:34:24 14571.1 153.756 1 631
2005-Jan-09 06:42:08 14876.7 155.573 1 632
2005-Jan-09 06:49:52 14879.6 153.297 1 634
2005-Jan-09 06:57:36 15347 161.139 1 635
2005-Jan-09 07:05:20 15237 161.494 1 634
2005-Jan-09 07:13:04 15499 166.476 1 632
2005-Jan-09 07:20:48 15425.2 166.822 1 637
2005-Jan-09 07:28:32 15020.8 174.937 1 635
2005-Jan-09 07:36:16 15027.8 176.533 1 636
2005-Jan-09 07:44:00 14776.4 176.51 1 636
2005-Jan-09 07:51:44 15208.6 177.84 1 636
2005-Jan-09 07:59:28 15923.7 185.59 1 635
2005-Jan-09 08:07:12 15151.5 194.828 1 635
2005-Jan-09 08:14:56 14979.4 197.014 1 632
2005-Jan-09 08:22:40 15527.9 199.154 1 634
2005-Jan-09 08:30:24 15135.4 201.938 1 635
2005-Jan-09 08:38:08 14775.3 200.922 1 633
2005-Jan-09 09:09:04 15305.4 214.46 1 635
2005-Jan-09 09:16:48 14521.1 221.519 1 633
2005-Jan-09 09:24:32 14010.7 220.372 1 636
2005-Jan-09 09:32:16 15017.1 230.884 1 635
2005-Jan-09 09:40:00 14824.2 226.025 1 634
2005-Jan-09 09:47:44 14626.7 230.061 1 630
2005-Jan-09 09:55:28 15111.2 230.744 1 632
2005-Jan-09 10:03:12 14435.1 230.956 1 633
2005-Jan-09 10:10:56 14660.1 234.148 1 634
2005-Jan-09 10:18:40 15013.7 237.77 1 634
2005-Jan-09 10:26:24 15120.7 237.922 1 635
2005-Jan-09 10:34:08 14733 233.32 1 635
2005-Jan-09 10:41:52 14760.6 240.777 1 638
2005-Jan-09 10:49:36 15045.3 242.892 1 635
2005-Jan-09 10:57:20 15451.6 242.37 1 637
2005-Jan-09 11:12:48 16653.8 263.245 1 638
2005-Jan-09 11:43:44 15527.8 252.658 1 637
2005-Jan-09 11:51:28 15511 251.072 1 636
2005-Jan-09 11:59:12 15281.9 249.974 1 637
#$9.58398e-17 -1.00665e-16 2
#$8.96108e-17 -4.62675e-17 0
#$9.03338e-17 -1.48634e-16 1
#PROFILE segment=1 windows=41 fft_qc_s=0.0787128 pack_s=0.0222002 stack_s=5.38617 fit_s=0.00117354 total_s=5.49007
#Segment 2005-Jan-09 1 accepted_windows=41
2005-Jan-09 11:51:28 15511 251.072 1 636
2005-Jan-09 11:59:12 15281.9 249.974 1 637
2005-Jan-09 12:06:56 15240.6 241.3 1 637
2005-Jan-09 12:14:40 15540.8 245.377 1 638
2005-Jan-09 12:22:24 15774.2 256.286 1 640
2005-Jan-09 12:30:08 15415.3 252.188 1 640
2005-Jan-09 12:37:52 15179.9 251.226 1 638
2005-Jan-09 12:45:36 14925.8 255.942 1 641
2005-Jan-09 12:53:20 15094.7 248.861 1 636
2005-Jan-09 13:01:04 14805.8 251.583 1 638
2005-Jan-09 13:08:48 15239 275.746 1 640
2005-Jan-09 13:16:32 14623.1 278.321 1 639
2005-Jan-09 13:24:16 14890.3 262.863 1 641
2005-Jan-09 13:32:00 15003.5 275.014 1 638
2005-Jan-09 13:39:44 14610.1 284.918 1 640
2005-Jan-09 13:47:28 15018.7 275.1 1 642
2005-Jan-09 13:55:12 15024.5 274.642 1 644
2005-Jan-09 14:02:56 15050.7 284.92 1 645
2005-Jan-09 14:10:40 15130 296.889 1 643
2005-Jan-09 14:18:24 14357.2 292.796 1 642
2005-Jan-09 14:26:08 15130 305.211 1 641
2005-Jan-09 14:33:52 14719.3 307.957 1 642
2005-Jan-09 14:41:36 15267.2 309.598 1 642
2005-Jan-09 14:49:20 15191.7 305.968 1 643
2005-Jan-09 14:57:04 15074.2 300.892 1 644
2005-Jan-09 15:04:48 15004.1 310.309 1 642
2005-Jan-09 15:12:32 14907.7 318.533 1 645
2005-Jan-09 15:20:16 15409.9 308.558 1 647
2005-Jan-09 15:28:00 15267 327.494 1 645
2005-Jan-09 15:35:44 15275.7 319.335 1 643
2005-Jan-09 15:43:28 14911.9 294.492 1 647
2005-Jan-09 15:51:12 15161 306.822 1 642
2005-Jan-09 15:58:56 14856.8 306.507 1 642
2005-Jan-09 16:06:40 15552.6 306.051 1 643
2005-Jan-09 16:14:24 15314.8 308.997 1 642
2005-Jan-09 16:22:08 14940.9 309.295 1 639
2005-Jan-09 16:29:52 14966.8 306.671 1 642
2005-Jan-09 16:37:36 15074.7 299.183 1 642
2005-Jan-09 16:45:20 15176.6 311.339 1 638
2005-Jan-09 16:53:04 15124.8 310.475 1 639
2005-Jan-09 17:00:48 14851.1 309.542 1 641
2005-Jan-09 17:08:32 15380.7 307.537 1 644
2005-Jan-09 17:16:16 15000.3 304.139 1 643
2005-Jan-09 17:24:00 15354.7 314.331 1 640
2005-Jan-09 17:31:44 14794.5 312.582 1 642
2005-Jan-09 17:39:28 15233.3 324.426 1 643
2005-Jan-09 17:47:12 14643.9 316.679 1 643
2005-Jan-09 17:54:56 15305.4 314.81 1 643
#$1.02891e-16 -1.14006e-16 2
#$1.16647e-16 -5.8145e-17 0
#$1.21596e-16 -2.16672e-16 1
#PROFILE segment=2 windows=48 fft_qc_s=0.0781321 pack_s=0.0261502 stack_s=6.37099 fit_s=0.00115504 total_s=6.47837
#Segment 2005-Jan-09 2 accepted_windows=48
2005-Jan-09 17:47:12 14643.9 316.679 1 643
2005-Jan-09 17:54:56 15305.4 314.81 1 643
2005-Jan-09 18:02:40 15502.1 318.208 1 641
2005-Jan-09 18:10:24 14857.7 317.356 1 640
2005-Jan-09 18:18:08 15478.5 315.553 1 642
2005-Jan-09 18:25:52 14594.4 301.743 1 641
2005-Jan-09 18:33:36 15303.8 307.868 1 639
2005-Jan-09 18:41:20 15337.6 307.878 1 641
2005-Jan-09 19:12:16 14976 338.908 1 644
2005-Jan-09 19:20:00 14725.3 343.229 1 642
2005-Jan-09 19:27:44 15327.4 330.562 1 642
2005-Jan-09 19:35:28 14866.3 334.928 1 643
2005-Jan-09 19:43:12 15419.7 334.022 1 638
2005-Jan-09 19:50:56 15360.6 342.41 1 638
2005-Jan-09 19:58:40 15166.2 350.809 1 640
2005-Jan-09 20:14:08 15109.2 415.528 1 638
2005-Jan-09 20:29:36 14849.8 356.069 1 642
2005-Jan-09 20:37:20 15070.2 355.335 1 639
2005-Jan-09 20:45:04 15348.7 348.078 1 639
2005-Jan-09 20:52:48 15151.6 355.074 1 641
2005-Jan-09 21:00:32 14709.5 357.211 1 639
2005-Jan-09 21:08:16 15063.9 350.522 1 640
2005-Jan-09 21:16:00 14897.5 338.526 1 639
2005-Jan-09 21:23:44 15218.6 340.644 1 638
2005-Jan-09 21:31:28 15088.7 338.028 1 642
2005-Jan-09 21:39:12 14772.2 345.818 1 638
2005-Jan-09 21:46:56 15561.7 349.945 1 641
2005-Jan-09 21:54:40 14795.6 330.331 1 640
2005-Jan-09 22:02:24 14882.8 332.535 1 639
2005-Jan-09 22:10:08 15585.3 338.584 1 639
2005-Jan-09 22:17:52 15807.8 333.504 1 641
2005-Jan-09 22:25:36 15530.5 331.798 1 637
2005-Jan-09 22:33:20 15043.6 336.613 1 639
2005-Jan-09 22:41:04 14959.9 326.434 1 639
2005-Jan-09 22:48:48 15512.9 334.465 1 636
2005-Jan-09 22:56:32 15009.7 335.003 1 638
2005-Jan-09 23:04:16 15046 325.395 1 639
2005-Jan-09 23:12:00 15033.6 322.349 1 637
2005-Jan-09 23:19:44 15511.8 327.268 1 636
2005-Jan-09 23:27:28 15170.1 299.523 1 640
2005-Jan-09 23:35:12 15057.1 321.565 1 639
#$1.14399e-16 -1.32209e-16 2
#$1.17448e-16 -5.00437e-17 0
#$1.17646e-16 -2.20493e-16 1
#PROFILE segment=3 windows=41 fft_qc_s=0.0752672 pack_s=0.0223632 stack_s=5.41762 fit_s=0.00112496 total_s=5.51833
#Segment 2005-Jan-09 3 accepted_windows=41
#Start/Users/knishida/Projects/Autofocusing/repo/build-clang/matrix-audit-20050104-14/input/2005/0110/20050100000.h5 686 310.668s
#LOAD_PROFILE init_s=0.0412065 read_decode_copy_s=2.98242 filter_s=0.249582 total_s=3.27321
#Read data: load_h5 /Users/knishida/Projects/Autofocusing/repo/build-clang/matrix-audit-20050104-14/input/2005/0110/20050100000.h5 686 313.945s
2005-Jan-10 00:00:00 15356.4 317.385 1 632
2005-Jan-10 00:07:44 15121.1 323.221 1 630
2005-Jan-10 00:15:28 15360.5 315.242 1 630
2005-Jan-10 00:23:12 15402.7 313.31 1 631
2005-Jan-10 00:30:56 15131.7 303.685 1 632
2005-Jan-10 00:38:40 15044.9 298.246 1 634
2005-Jan-10 00:46:24 15632.8 308.878 1 633
2005-Jan-10 00:54:08 14755.7 311.526 1 632
2005-Jan-10 01:01:52 15139.6 306.969 1 633
2005-Jan-10 01:09:36 15732.1 339.172 1 635
2005-Jan-10 01:32:48 16103.9 305.832 1 631
2005-Jan-10 01:40:32 15634.7 310.24 1 628
2005-Jan-10 01:48:16 15347.9 315.352 1 626
2005-Jan-10 01:56:00 15719.9 316.186 1 629
2005-Jan-10 02:03:44 15359.5 316.131 1 631
2005-Jan-10 02:11:28 15191.9 310.639 1 627
2005-Jan-10 02:19:12 15202.6 321.27 1 631
2005-Jan-10 02:26:56 15849.3 323.978 1 627
2005-Jan-10 02:34:40 18009.3 327.32 1 626
2005-Jan-10 02:42:24 20146 322.276 1 624
2005-Jan-10 02:50:08 16202.6 322.451 1 630
2005-Jan-10 02:57:52 15030.2 330.688 1 628
2005-Jan-10 03:05:36 14952.5 317.881 1 626
2005-Jan-10 03:13:20 16040.4 332.179 1 625
2005-Jan-10 03:21:04 15405.5 319.617 1 626
2005-Jan-10 03:28:48 15190.4 312.994 1 627
2005-Jan-10 03:36:32 15541.2 326.431 1 627
2005-Jan-10 03:44:16 15387.7 309.611 1 626
2005-Jan-10 03:52:00 15020 314.189 1 628
2005-Jan-10 03:59:44 15207.5 319.623 1 629
2005-Jan-10 04:07:28 14841.9 310.975 1 623
2005-Jan-10 04:15:12 15050.4 296.147 1 625
2005-Jan-10 04:22:56 15539 294.269 1 624
2005-Jan-10 04:30:40 15454.4 306.007 1 622
2005-Jan-10 04:38:24 15473.4 313.936 1 624
2005-Jan-10 04:46:08 15362.3 307.065 1 622
2005-Jan-10 04:53:52 15646.5 304.647 1 620
2005-Jan-10 05:01:36 15194.6 311.954 1 624
2005-Jan-10 05:09:20 15311.7 299.7 1 620
2005-Jan-10 05:17:04 15101.9 305.273 1 622
2005-Jan-10 05:24:48 14967.9 297.576 1 620
2005-Jan-10 05:32:32 14779 301.578 1 618
2005-Jan-10 05:40:16 15403.4 298.9 1 617
2005-Jan-10 05:48:00 15185.9 299.156 1 618
2005-Jan-10 05:55:44 15450.2 303.88 1 616
2005-Jan-10 06:03:28 15310.8 300.438 1 615
#$7.7454e-17 -9.46924e-17 2
#deg max=130 2.26893
#dp_Δ max=1e-06
#POWER_PROFILE stage=grid total_s=0.0918793
#POWER_PROFILE stage=bootstrap total_s=1.45449
#$9.23344e-17 -4.26649e-17 0
#deg max=15 0.261799
#dp_Δ max=-1.175e-05
#POWER_PROFILE stage=grid total_s=0.0930857
#POWER_PROFILE stage=bootstrap total_s=1.45115
#$9.11207e-17 -1.80335e-16 1
#deg max=20 0.349066
#dp_Δ max=-2e-06
#POWER_PROFILE stage=grid total_s=0.0931248
#POWER_PROFILE stage=bootstrap total_s=1.44834
#PROFILE segment=0 windows=46 fft_qc_s=0.0781944 pack_s=0.0250329 stack_s=5.95862 fit_s=6.61714 total_s=12.681
#Segment 2005-Jan-10 0 accepted_windows=46
2005-Jan-10 05:55:44 15450.2 303.88 1 616
2005-Jan-10 06:03:28 15310.8 300.438 1 615
2005-Jan-10 06:11:12 15247.3 295.934 1 617
2005-Jan-10 06:18:56 14988.4 304.716 1 614
2005-Jan-10 06:26:40 15453.7 295.746 1 614
2005-Jan-10 06:34:24 14925.6 290.075 1 614
2005-Jan-10 06:42:08 15281.6 295.637 1 612
2005-Jan-10 06:49:52 14886.8 291.825 1 611
2005-Jan-10 06:57:36 14925.6 282.558 1 614
2005-Jan-10 09:24:32 15220.4 260.089 1 609
2005-Jan-10 09:32:16 15037.5 256.914 1 609
2005-Jan-10 09:40:00 15081.4 255.468 1 606
2005-Jan-10 09:47:44 15026.6 252.261 1 610
2005-Jan-10 09:55:28 15523.3 250.584 1 605
2005-Jan-10 10:03:12 15488.1 257.797 1 607
2005-Jan-10 10:10:56 15242.7 251.991 1 603
2005-Jan-10 10:18:40 15230 247.619 1 610
2005-Jan-10 10:26:24 14867.3 246.019 1 604
2005-Jan-10 10:34:08 14953.2 240.529 1 606
2005-Jan-10 10:41:52 14651.3 246.708 1 603
2005-Jan-10 10:49:36 15275.9 236.363 1 607
2005-Jan-10 10:57:20 14790.2 238.617 1 607
2005-Jan-10 11:05:04 15265.1 228.385 1 607
2005-Jan-10 11:12:48 15195.3 236.175 1 603
2005-Jan-10 11:20:32 15356.5 231.239 1 605
2005-Jan-10 11:28:16 15099.2 238.413 1 608
2005-Jan-10 11:36:00 15520.1 240.08 1 604
2005-Jan-10 11:43:44 15754.9 224.658 1 603
2005-Jan-10 11:51:28 14865.5 228.416 1 604
2005-Jan-10 11:59:12 14937.7 222.668 1 604
#$5.7238e-17 -7.67144e-17 2
#deg max=85 1.48353
#dp_Δ max=-5e-07
#POWER_PROFILE stage=grid total_s=0.0597875
#POWER_PROFILE stage=bootstrap total_s=0.944224
#$7.37919e-17 -3.45607e-17 0
#deg max=15 0.261799
#dp_Δ max=-3.5e-06
#POWER_PROFILE stage=grid total_s=0.0600023
#POWER_PROFILE stage=bootstrap total_s=0.943655
#$7.13419e-17 -1.40922e-16 1
#deg max=10 0.174533
#dp_Δ max=-9.5e-06
#POWER_PROFILE stage=grid total_s=0.060074
#POWER_PROFILE stage=bootstrap total_s=0.944713
#PROFILE segment=1 windows=30 fft_qc_s=0.0492183 pack_s=0.016039 stack_s=3.78427 fit_s=4.20064 total_s=8.05204
#Segment 2005-Jan-10 1 accepted_windows=30
2005-Jan-10 11:51:28 14865.5 228.416 1 604
2005-Jan-10 11:59:12 14937.7 222.668 1 604
2005-Jan-10 12:06:56 15041.2 225.186 1 608
2005-Jan-10 12:14:40 15411.1 215.833 1 604
2005-Jan-10 12:22:24 14821.4 210.153 1 607
2005-Jan-10 12:30:08 14857.4 209.994 1 607
2005-Jan-10 12:37:52 15052.1 204.735 1 604
2005-Jan-10 12:45:36 15139.8 199.494 1 606
2005-Jan-10 12:53:20 14799.3 201.836 1 608
2005-Jan-10 13:01:04 14631.2 211.588 1 603
2005-Jan-10 13:08:48 14788.9 199.667 1 609
2005-Jan-10 13:16:32 15084.7 192.704 1 606
2005-Jan-10 13:24:16 14908.5 202.638 1 605
2005-Jan-10 13:32:00 15296.9 187.707 1 609
2005-Jan-10 13:39:44 15148.4 186.267 1 613
2005-Jan-10 13:47:28 15115.9 181.1 1 611
2005-Jan-10 13:55:12 14582.2 182.856 1 608
2005-Jan-10 14:02:56 14626.1 183.507 1 613
2005-Jan-10 14:10:40 15191.9 179.708 1 609
2005-Jan-10 14:18:24 14440 177.761 1 612
2005-Jan-10 14:26:08 14786.1 178.843 1 611
2005-Jan-10 14:33:52 14994.7 178.003 1 613
2005-Jan-10 14:41:36 15059.6 172.326 1 615
2005-Jan-10 14:49:20 15101.3 168.742 1 613
2005-Jan-10 14:57:04 15235.2 174.842 1 615
2005-Jan-10 15:04:48 15548.6 177.853 1 616
2005-Jan-10 15:12:32 15693.4 172.883 1 615
2005-Jan-10 15:20:16 15013.4 182.549 1 615
2005-Jan-10 15:28:00 15556.6 164.299 1 615
2005-Jan-10 15:35:44 14964.9 159.438 1 620
2005-Jan-10 15:43:28 15139.7 158.6 1 615
2005-Jan-10 15:51:12 14971.4 156.403 1 618
2005-Jan-10 15:58:56 15177.4 153.988 1 616
2005-Jan-10 16:06:40 15428.3 160.454 1 616
2005-Jan-10 16:14:24 15349.6 150.799 1 617
2005-Jan-10 16:22:08 14991.6 152.697 1 621
2005-Jan-10 16:29:52 15103.8 150.532 1 620
2005-Jan-10 16:37:36 14932.1 148.372 1 621
2005-Jan-10 16:45:20 15476.4 143.013 1 617
2005-Jan-10 16:53:04 15547.8 148.884 1 622
2005-Jan-10 17:00:48 14945.9 154.797 1 624
2005-Jan-10 17:08:32 15522.6 149.334 1 618
2005-Jan-10 17:16:16 14852.3 149.176 1 620
2005-Jan-10 17:24:00 14797.6 147.546 1 620
2005-Jan-10 17:31:44 15423.3 138.596 1 624
2005-Jan-10 17:39:28 14766.2 140.942 1 622
2005-Jan-10 17:47:12 14913.8 139.895 1 624
2005-Jan-10 17:54:56 15175.5 139.737 1 623
#$4.89141e-17 -6.61361e-17 2
#deg max=20 0.349066
#dp_Δ max=-5e-07
#POWER_PROFILE stage=grid total_s=0.0957645
#POWER_PROFILE stage=bootstrap total_s=1.51075
#$6.42805e-17 -3.27263e-17 0
#deg max=175 3.05433
#dp_Δ max=2.5e-07
#POWER_PROFILE stage=grid total_s=0.095905
#POWER_PROFILE stage=bootstrap total_s=1.53025
#$5.71054e-17 -1.10541e-16 1
#deg max=5 0.0872665
#dp_Δ max=-4.25e-06
#POWER_PROFILE stage=grid total_s=0.0967723
#POWER_PROFILE stage=bootstrap total_s=1.50778
#PROFILE segment=2 windows=48 fft_qc_s=0.0795725 pack_s=0.0256268 stack_s=6.08134 fit_s=7.03163 total_s=13.2201
#Segment 2005-Jan-10 2 accepted_windows=48
2005-Jan-10 17:47:12 14913.8 139.895 1 624
2005-Jan-10 17:54:56 15175.5 139.737 1 623
2005-Jan-10 18:02:40 15595.7 135.541 1 624
2005-Jan-10 18:10:24 15013 141.001 1 626
2005-Jan-10 18:18:08 15845.5 143.813 1 623
2005-Jan-10 18:25:52 15740.7 139.927 1 622
2005-Jan-10 18:33:36 15419 142.639 1 625
2005-Jan-10 18:41:20 14567.8 139.255 1 627
2005-Jan-10 18:49:04 15468.5 137.696 1 626
2005-Jan-10 18:56:48 15618.5 136.432 1 626
2005-Jan-10 19:04:32 15141.9 137.24 1 628
2005-Jan-10 19:12:16 15143.3 136.266 1 629
2005-Jan-10 19:20:00 15590.9 134.523 1 624
2005-Jan-10 19:27:44 15478.5 135.074 1 627
2005-Jan-10 19:35:28 15380.1 134.401 1 629
2005-Jan-10 19:43:12 15245.3 134.958 1 627
2005-Jan-10 19:50:56 15135.5 135.931 1 629
2005-Jan-10 19:58:40 15343 139.046 1 627
2005-Jan-10 20:06:24 15382.9 136.993 1 627
2005-Jan-10 20:14:08 15171.3 136.536 1 632
2005-Jan-10 20:21:52 15300.9 131.356 1 630
2005-Jan-10 20:29:36 15160.6 134.454 1 633
2005-Jan-10 20:37:20 15687.2 142.09 1 629
2005-Jan-10 20:45:04 15797.4 134.616 1 627
2005-Jan-10 20:52:48 15034.7 134.57 1 632
2005-Jan-10 21:00:32 14805.4 139.369 1 631
2005-Jan-10 21:08:16 15191.8 137.232 1 627
2005-Jan-10 21:16:00 15144.1 138.208 1 628
2005-Jan-10 21:23:44 15590.6 135.526 1 629
2005-Jan-10 21:31:28 15140.1 145.298 1 626
2005-Jan-10 21:39:12 14526 146.133 1 631
2005-Jan-10 21:46:56 14900 136.26 1 630
2005-Jan-10 21:54:40 15155.2 144.244 1 629
2005-Jan-10 22:02:24 14884.5 142.872 1 630
2005-Jan-10 22:10:08 15156.3 143.185 1 632
2005-Jan-10 22:17:52 15776 146.83 1 631
2005-Jan-10 22:25:36 14808.5 152.566 1 631
2005-Jan-10 22:33:20 14718.6 150.086 1 631
2005-Jan-10 22:41:04 15064.5 146.873 1 630
2005-Jan-10 22:48:48 15400.7 155.432 1 632
2005-Jan-10 22:56:32 15401.7 157.296 1 630
2005-Jan-10 23:04:16 14708 159.414 1 630
2005-Jan-10 23:12:00 14709.2 162.049 1 631
2005-Jan-10 23:19:44 14855.1 159.523 1 630
2005-Jan-10 23:27:28 15062.6 161.063 1 632
2005-Jan-10 23:35:12 15341.3 165.173 1 629
#$1.21193e-16 -1.36235e-16 2
#deg max=80 1.39626
#dp_Δ max=-2e-06
#POWER_PROFILE stage=grid total_s=0.092299
#POWER_PROFILE stage=bootstrap total_s=1.44062
#$1.1781e-16 -6.9142e-17 0
#deg max=5 0.0872665
#dp_Δ max=-1.025e-05
#POWER_PROFILE stage=grid total_s=0.0918703
#POWER_PROFILE stage=bootstrap total_s=1.44569
#$1.05252e-16 -1.81656e-16 1
#deg max=170 2.96706
#dp_Δ max=-9.5e-06
#POWER_PROFILE stage=grid total_s=0.0929499
#POWER_PROFILE stage=bootstrap total_s=1.44241
#PROFILE segment=3 windows=46 fft_qc_s=0.0765398 pack_s=0.0250923 stack_s=5.97099 fit_s=6.0929 total_s=12.1674
#Segment 2005-Jan-10 3 accepted_windows=46
#Start/Users/knishida/Projects/Autofocusing/repo/build-clang/matrix-audit-20050104-14/input/2005/0111/20050110000.h5 686 360.07s
#LOAD_PROFILE init_s=0.0401175 read_decode_copy_s=2.95086 filter_s=0.249902 total_s=3.24088
#Read data: load_h5 /Users/knishida/Projects/Autofocusing/repo/build-clang/matrix-audit-20050104-14/input/2005/0111/20050110000.h5 688 363.315s
2005-Jan-11 00:00:00 15957.5 172.395 1 638
2005-Jan-11 00:07:44 15755.9 175.366 1 640
2005-Jan-11 00:15:28 15404.3 176.626 1 639
2005-Jan-11 00:23:12 15977.1 177.665 1 642
2005-Jan-11 00:30:56 15547.8 182.872 1 640
2005-Jan-11 00:38:40 14866 184.711 1 641
2005-Jan-11 00:46:24 15679 191.116 1 641
2005-Jan-11 00:54:08 15666.7 195.427 1 639
2005-Jan-11 01:01:52 15533 204.088 1 643
2005-Jan-11 01:09:36 15690.5 208.633 1 642
2005-Jan-11 01:17:20 15455.7 215.958 1 641
2005-Jan-11 01:25:04 15778 212.251 1 641
2005-Jan-11 01:32:48 15394.5 218.873 1 646
2005-Jan-11 01:40:32 14562.9 209.613 1 643
2005-Jan-11 01:48:16 15363.5 211.286 1 640
2005-Jan-11 01:56:00 15207.5 225.861 1 643
2005-Jan-11 02:03:44 15214 229.14 1 641
2005-Jan-11 02:11:28 15291.6 230.228 1 644
2005-Jan-11 02:19:12 15135.2 232.231 1 642
2005-Jan-11 02:26:56 16245.3 232.756 1 642
2005-Jan-11 02:34:40 16045.8 238.207 1 645
2005-Jan-11 02:42:24 15089.9 248.198 1 644
2005-Jan-11 02:50:08 15328.1 245.407 1 645
2005-Jan-11 02:57:52 15404.3 252.658 1 646
2005-Jan-11 03:05:36 15532.3 260.676 1 643
2005-Jan-11 03:13:20 15353.5 253.201 1 650
2005-Jan-11 03:21:04 14714.7 266.538 1 646
2005-Jan-11 03:28:48 14637.3 288.205 1 645
2005-Jan-11 03:36:32 15180.6 279.517 1 646
2005-Jan-11 03:44:16 15639.9 301.705 1 646
2005-Jan-11 03:52:00 15286 294.439 1 646
2005-Jan-11 03:59:44 15040 313.158 1 649
2005-Jan-11 04:07:28 15720.9 310.535 1 649
2005-Jan-11 04:15:12 16891.9 336.254 1 649
2005-Jan-11 04:22:56 16660.7 328.137 1 648
2005-Jan-11 04:30:40 15733.2 334.202 1 649
2005-Jan-11 04:38:24 15223.2 327.353 1 648
2005-Jan-11 04:46:08 14972.1 327.724 1 650
2005-Jan-11 04:53:52 15248.2 345.156 1 649
2005-Jan-11 05:01:36 15651.1 363.652 1 651
2005-Jan-11 05:09:20 15315.4 341.708 1 649
2005-Jan-11 05:17:04 15566.6 349.421 1 650
2005-Jan-11 05:24:48 15742.7 362.756 1 652
2005-Jan-11 05:32:32 14931 368.266 1 651
2005-Jan-11 05:40:16 15282.1 390.614 1 651
2005-Jan-11 05:48:00 15817.9 399.184 1 647
2005-Jan-11 05:55:44 15207.6 396.292 1 650
2005-Jan-11 06:03:28 15420.6 410.841 1 650
#$1.49908e-16 -1.61587e-16 2
#$1.44508e-16 -7.71663e-17 0
#$1.52551e-16 -2.63547e-16 1
#PROFILE segment=0 windows=48 fft_qc_s=0.0792148 pack_s=0.0262705 stack_s=6.39594 fit_s=0.0011555 total_s=6.5045
#Segment 2005-Jan-11 0 accepted_windows=48
2005-Jan-11 05:55:44 15207.6 396.292 1 650
2005-Jan-11 06:03:28 15420.6 410.841 1 650
2005-Jan-11 06:11:12 15972.5 408.482 1 651
2005-Jan-11 06:18:56 15536.2 412.939 1 648
2005-Jan-11 06:26:40 15363.6 413.802 1 649
2005-Jan-11 06:34:24 14734.7 411.001 1 647
2005-Jan-11 06:42:08 15261.9 411.909 1 651
2005-Jan-11 06:49:52 15319.5 422.065 1 647
2005-Jan-11 06:57:36 16045.5 436.308 1 648
2005-Jan-11 07:05:20 15034.1 426.401 1 647
2005-Jan-11 07:13:04 15258.2 468.863 1 649
2005-Jan-11 07:20:48 15091.2 450.841 1 653
2005-Jan-11 07:28:32 15530.5 455.583 1 651
2005-Jan-11 07:36:16 15417.4 449.819 1 648
2005-Jan-11 07:44:00 15196.6 432.615 1 650
2005-Jan-11 07:51:44 15154.8 434.085 1 649
2005-Jan-11 07:59:28 14809.7 446.772 1 649
2005-Jan-11 08:07:12 14897.2 438.427 1 649
2005-Jan-11 08:14:56 15340.7 459.061 1 650
2005-Jan-11 08:22:40 15229.9 458.34 1 649
2005-Jan-11 08:30:24 14743.7 439.591 1 649
2005-Jan-11 08:38:08 15255.5 451.361 1 651
2005-Jan-11 09:09:04 15255.1 455.693 1 647
2005-Jan-11 09:16:48 14432.6 486.063 1 647
2005-Jan-11 09:24:32 15363.4 450.967 1 651
2005-Jan-11 09:32:16 17767.1 462.286 1 647
2005-Jan-11 09:40:00 15922.1 462.827 1 649
2005-Jan-11 09:47:44 14488.7 463.972 1 649
2005-Jan-11 09:55:28 15301.3 459.831 1 648
2005-Jan-11 10:03:12 15353.6 442.805 1 649
2005-Jan-11 10:10:56 14867.3 445.948 1 649
2005-Jan-11 10:18:40 15458.7 452.519 1 647
2005-Jan-11 10:26:24 14476.6 449.889 1 648
2005-Jan-11 10:34:08 15591.7 472.405 1 646
2005-Jan-11 10:41:52 15544.2 451.089 1 645
2005-Jan-11 10:49:36 14845.1 470.376 1 650
2005-Jan-11 10:57:20 15311.1 457.989 1 649
2005-Jan-11 11:05:04 14852.3 446.994 1 650
2005-Jan-11 11:12:48 14801.2 449.688 1 644
2005-Jan-11 11:20:32 14697.9 453.429 1 649
2005-Jan-11 11:28:16 15215.5 458.609 1 647
2005-Jan-11 11:36:00 14987.4 500.486 1 644
2005-Jan-11 11:43:44 15229.4 449.635 1 649
2005-Jan-11 11:51:28 14491.5 438.763 1 651
2005-Jan-11 11:59:12 15100.6 430.7 1 648
#$1.73781e-16 -2.002e-16 2
#$1.68572e-16 -8.83353e-17 0
#$1.70069e-16 -3.16678e-16 1
#PROFILE segment=1 windows=45 fft_qc_s=0.0786352 pack_s=0.0248421 stack_s=6.02714 fit_s=0.00113883 total_s=6.1337
#Segment 2005-Jan-11 1 accepted_windows=45
2005-Jan-11 11:51:28 14491.5 438.763 1 651
2005-Jan-11 11:59:12 15100.6 430.7 1 648
2005-Jan-11 12:06:56 14826.4 428.144 1 647
2005-Jan-11 12:14:40 15027.8 425.171 1 646
2005-Jan-11 12:22:24 15521.2 422.564 1 650
2005-Jan-11 12:30:08 14925.4 413.303 1 648
2005-Jan-11 12:37:52 14854.9 416.399 1 651
2005-Jan-11 12:45:36 15620.1 412.742 1 647
2005-Jan-11 12:53:20 15256.3 440.455 1 651
2005-Jan-11 13:01:04 15446.4 410.468 1 650
2005-Jan-11 13:08:48 14962.1 404.591 1 650
2005-Jan-11 13:16:32 15347.3 417.533 1 650
2005-Jan-11 13:24:16 15040.2 409.624 1 652
2005-Jan-11 13:32:00 14812.8 389.63 1 650
2005-Jan-11 13:39:44 14764.5 361.667 1 647
2005-Jan-11 13:47:28 14868.3 396.125 1 645
2005-Jan-11 13:55:12 14985.2 390.325 1 651
2005-Jan-11 14:02:56 15239.7 390.42 1 647
2005-Jan-11 14:10:40 15760.1 387.13 1 646
2005-Jan-11 14:18:24 15344.1 370.787 1 643
2005-Jan-11 14:26:08 15157.8 375.476 1 644
2005-Jan-11 14:33:52 15587.8 369.376 1 649
2005-Jan-11 14:41:36 15636.3 361.808 1 647
2005-Jan-11 14:49:20 15116.5 357.034 1 649
2005-Jan-11 14:57:04 15120.4 351.115 1 653
2005-Jan-11 15:04:48 14550.1 332.707 1 648
2005-Jan-11 15:12:32 15599.3 333.515 1 648
2005-Jan-11 15:20:16 15672.5 332.245 1 650
2005-Jan-11 15:28:00 15882.7 339.834 1 649
2005-Jan-11 15:35:44 15190.8 341.464 1 647
2005-Jan-11 15:43:28 14740.5 332.25 1 646
2005-Jan-11 15:51:12 14899.1 338.37 1 648
2005-Jan-11 15:58:56 15478 314.783 1 647
2005-Jan-11 16:06:40 15242.9 305.377 1 650
2005-Jan-11 16:14:24 15247.6 307.929 1 649
2005-Jan-11 16:22:08 15448.8 312.965 1 645
2005-Jan-11 16:29:52 15657.9 316.35 1 648
2005-Jan-11 16:37:36 15417.8 315.812 1 645
2005-Jan-11 16:45:20 15452.5 310.318 1 646
2005-Jan-11 16:53:04 14987.9 310.03 1 649
2005-Jan-11 17:00:48 15231 302.134 1 647
2005-Jan-11 17:08:32 15410 292.284 1 646
2005-Jan-11 17:16:16 15253.7 284.249 1 646
2005-Jan-11 17:24:00 15449.2 303.06 1 647
2005-Jan-11 17:31:44 15399.6 291.714 1 644
2005-Jan-11 17:39:28 15317.9 273.362 1 647
2005-Jan-11 17:47:12 15339.5 285.562 1 643
2005-Jan-11 17:54:56 15786.6 279 1 644
#$1.33398e-16 -1.54267e-16 2
#$1.29503e-16 -7.2113e-17 0
#$1.45767e-16 -2.60548e-16 1
#PROFILE segment=2 windows=48 fft_qc_s=0.0789487 pack_s=0.0263101 stack_s=6.42226 fit_s=0.00123138 total_s=6.53075
#Segment 2005-Jan-11 2 accepted_windows=48
2005-Jan-11 17:47:12 15339.5 285.562 1 643
2005-Jan-11 17:54:56 15786.6 279 1 644
2005-Jan-11 18:02:40 15258 271.261 1 644
2005-Jan-11 18:10:24 15303.3 276.613 1 642
2005-Jan-11 18:18:08 15413.8 256.384 1 640
2005-Jan-11 18:25:52 14926.1 255.54 1 638
2005-Jan-11 18:33:36 15978.2 270.989 1 640
2005-Jan-11 18:41:20 15944 267.804 1 643
2005-Jan-11 18:49:04 15159 258.87 1 646
2005-Jan-11 18:56:48 15208.9 252.023 1 643
2005-Jan-11 19:04:32 15356.9 252.296 1 647
2005-Jan-11 19:12:16 15385.5 249.042 1 648
2005-Jan-11 19:20:00 15721.2 251.852 1 643
2005-Jan-11 19:27:44 14558.7 254.166 1 641
2005-Jan-11 19:35:28 15827.4 246.701 1 644
2005-Jan-11 19:43:12 15091.9 240.121 1 646
2005-Jan-11 19:50:56 15481.3 239.545 1 647
2005-Jan-11 19:58:40 16156.3 235.274 1 646
2005-Jan-11 20:06:24 15672.3 233.587 1 645
2005-Jan-11 20:14:08 14473.5 236.461 1 649
2005-Jan-11 20:21:52 15244.9 236.187 1 649
2005-Jan-11 20:29:36 15919 228.155 1 644
2005-Jan-11 20:37:20 14948.9 223.633 1 646
2005-Jan-11 20:45:04 15205.6 227.824 1 646
2005-Jan-11 20:52:48 15354.8 232.074 1 644
2005-Jan-11 21:00:32 15198.3 232.369 1 646
2005-Jan-11 21:08:16 14946.8 227.291 1 645
2005-Jan-11 21:16:00 15515.5 226.009 1 643
2005-Jan-11 21:23:44 15319.4 221.203 1 646
2005-Jan-11 21:31:28 14845.6 213.972 1 647
2005-Jan-11 21:39:12 14782.2 219.308 1 646
2005-Jan-11 21:46:56 15125.3 206.795 1 648
2005-Jan-11 21:54:40 15132.3 211.937 1 648
2005-Jan-11 22:02:24 15061.2 210.155 1 643
2005-Jan-11 22:10:08 14982.1 212.817 1 644
2005-Jan-11 22:17:52 15730.1 211.783 1 645
2005-Jan-11 22:25:36 15423.9 214.387 1 643
2005-Jan-11 22:33:20 15060.8 204.544 1 645
2005-Jan-11 22:41:04 15248.1 204.324 1 647
2005-Jan-11 22:48:48 15662.3 207.607 1 648
2005-Jan-11 22:56:32 15560.7 198.125 1 649
2005-Jan-11 23:04:16 15492.7 198.359 1 648
2005-Jan-11 23:12:00 15111.6 196.91 1 648
2005-Jan-11 23:19:44 14489 196.703 1 647
2005-Jan-11 23:27:28 15159.1 188.968 1 648
2005-Jan-11 23:35:12 15511.7 192.064 1 650
#$9.96793e-17 -1.19693e-16 2
#$9.5615e-17 -4.93056e-17 0
#$1.05457e-16 -1.96597e-16 1
#PROFILE segment=3 windows=46 fft_qc_s=0.0757841 pack_s=0.025337 stack_s=6.13965 fit_s=0.00111888 total_s=6.25751
#Segment 2005-Jan-11 3 accepted_windows=46
#Start/Users/knishida/Projects/Autofocusing/repo/build-clang/matrix-audit-20050104-14/input/2005/0112/20050120000.h5 688 388.745s
#LOAD_PROFILE init_s=0.0415504 read_decode_copy_s=2.96418 filter_s=0.251911 total_s=3.25764
#Read data: load_h5 /Users/knishida/Projects/Autofocusing/repo/build-clang/matrix-audit-20050104-14/input/2005/0112/20050120000.h5 690 392.007s
2005-Jan-12 00:00:00 16576.5 197.79 1 640
2005-Jan-12 00:07:44 15041.2 198.7 1 642
2005-Jan-12 00:15:28 15364 192.759 1 644
2005-Jan-12 00:23:12 15502.6 191.34 1 643
2005-Jan-12 00:30:56 15142.7 194.626 1 642
2005-Jan-12 00:38:40 15270.4 194.376 1 643
2005-Jan-12 00:46:24 15525.8 190.698 1 641
2005-Jan-12 00:54:08 15545.6 197.3 1 643
2005-Jan-12 01:01:52 15207.2 189.418 1 642
2005-Jan-12 01:09:36 15321.1 189.814 1 642
2005-Jan-12 01:17:20 14891.2 182.468 1 645
2005-Jan-12 01:25:04 15324.7 183.759 1 645
2005-Jan-12 01:32:48 14763.4 181.91 1 644
2005-Jan-12 01:40:32 15446.4 186.492 1 641
2005-Jan-12 01:48:16 15981.1 186.423 1 646
2005-Jan-12 01:56:00 15900.8 189.333 1 645
2005-Jan-12 02:03:44 14409.4 185.263 1 646
2005-Jan-12 02:11:28 15137.1 180.88 1 644
2005-Jan-12 02:19:12 15566.9 190.362 1 643
2005-Jan-12 02:26:56 16239.9 190.3 1 646
2005-Jan-12 02:34:40 16248.8 178.52 1 644
2005-Jan-12 02:42:24 15096.1 179.908 1 647
2005-Jan-12 02:50:08 15614.4 191.192 1 645
2005-Jan-12 02:57:52 15164.9 193.953 1 647
2005-Jan-12 03:05:36 15370 187.188 1 643
2005-Jan-12 03:13:20 15383.2 186.318 1 645
2005-Jan-12 03:21:04 15700 190.866 1 648
2005-Jan-12 03:28:48 15215 189.704 1 645
2005-Jan-12 03:36:32 15220.1 192.231 1 650
2005-Jan-12 03:44:16 14476.8 197.69 1 646
2005-Jan-12 03:52:00 14951.6 195.687 1 646
2005-Jan-12 03:59:44 15154.6 200.821 1 646
2005-Jan-12 04:07:28 15354.5 194.687 1 647
2005-Jan-12 04:15:12 15160.6 200.558 1 649
2005-Jan-12 04:22:56 14967.5 209.61 1 647
2005-Jan-12 04:30:40 14817.6 211.486 1 644
2005-Jan-12 04:38:24 15460.6 206.407 1 645
2005-Jan-12 04:46:08 15701.6 211.077 1 643
2005-Jan-12 04:53:52 15160.9 209.967 1 649
2005-Jan-12 05:01:36 15325.2 216.571 1 648
2005-Jan-12 05:09:20 15489.2 220.668 1 648
2005-Jan-12 05:17:04 15423.4 218.591 1 645
2005-Jan-12 05:24:48 15269.7 216.355 1 646
2005-Jan-12 05:32:32 15064.6 215.701 1 646
2005-Jan-12 05:40:16 15288.3 224.672 1 646
2005-Jan-12 05:48:00 15703.1 235.443 1 647
2005-Jan-12 05:55:44 15065.8 238.035 1 645
2005-Jan-12 06:03:28 15207.8 239.723 1 646
#$1.05854e-16 -1.21381e-16 2
#$1.00319e-16 -6.02243e-17 0
#$9.6215e-17 -1.66225e-16 1
#PROFILE segment=0 windows=48 fft_qc_s=0.0790693 pack_s=0.026412 stack_s=6.39496 fit_s=0.00113329 total_s=6.50345
#Segment 2005-Jan-12 0 accepted_windows=48
2005-Jan-12 05:55:44 15065.8 238.035 1 645
2005-Jan-12 06:03:28 15207.8 239.723 1 646
2005-Jan-12 06:11:12 15278.8 236.862 1 648
2005-Jan-12 06:18:56 15544.6 230.967 1 648
2005-Jan-12 06:26:40 15393.8 236.355 1 648
2005-Jan-12 06:34:24 15102.9 238.683 1 649
2005-Jan-12 06:42:08 15762.5 243.873 1 648
2005-Jan-12 06:49:52 15558 249.043 1 648
2005-Jan-12 06:57:36 15314.4 249.71 1 649
2005-Jan-12 07:05:20 16264 253.239 1 648
2005-Jan-12 07:13:04 15916 252.246 1 647
2005-Jan-12 07:20:48 15319.4 242.046 1 646
2005-Jan-12 07:28:32 14790.5 250.296 1 647
2005-Jan-12 07:36:16 15102.2 248.795 1 649
2005-Jan-12 07:44:00 15332 254.758 1 648
2005-Jan-12 07:51:44 15141.1 264.532 1 647
2005-Jan-12 07:59:28 14973.8 261.106 1 646
2005-Jan-12 08:07:12 15537 266.623 1 646
2005-Jan-12 08:14:56 15934.2 274.144 1 645
2005-Jan-12 08:22:40 15414.5 273.12 1 643
2005-Jan-12 08:30:24 15506.7 267.925 1 643
2005-Jan-12 08:38:08 15208.5 270.837 1 645
2005-Jan-12 09:09:04 15498.4 283.646 1 642
2005-Jan-12 09:16:48 15438.8 284.703 1 644
2005-Jan-12 09:24:32 15362.3 294.814 1 644
2005-Jan-12 09:32:16 15738.6 310.646 1 644
2005-Jan-12 09:40:00 14942.8 314.358 1 645
2005-Jan-12 09:47:44 15109.5 315.077 1 645
2005-Jan-12 09:55:28 15311.8 319.999 1 645
2005-Jan-12 10:03:12 15239 331.573 1 644
2005-Jan-12 10:10:56 15631.1 344.214 1 645
2005-Jan-12 10:18:40 15175.2 348.92 1 647
2005-Jan-12 10:26:24 15666.5 370.258 1 644
2005-Jan-12 10:34:08 15557.4 377.509 1 646
2005-Jan-12 10:41:52 15123.1 391.875 1 646
2005-Jan-12 10:49:36 15658.7 431.206 1 646
2005-Jan-12 10:57:20 14817.9 422.335 1 641
2005-Jan-12 11:05:04 14992.7 443.129 1 644
2005-Jan-12 11:12:48 14155.6 453.504 1 646
2005-Jan-12 11:20:32 14860.5 457.746 1 644
2005-Jan-12 11:28:16 15446.6 473.195 1 643
2005-Jan-12 11:36:00 15253.5 513.669 1 644
2005-Jan-12 11:43:44 14937.9 513.852 1 645
2005-Jan-12 11:51:28 15169 522.714 1 646
2005-Jan-12 11:59:12 15467 534.705 1 647
#$1.69762e-16 -1.91334e-16 2
#$1.48406e-16 -7.23317e-17 0
#$1.61668e-16 -2.88e-16 1
#PROFILE segment=1 windows=45 fft_qc_s=0.0790417 pack_s=0.0249296 stack_s=6.00229 fit_s=0.00117217 total_s=6.10938
#Segment 2005-Jan-12 1 accepted_windows=45
2005-Jan-12 11:51:28 15169 522.714 1 646
2005-Jan-12 11:59:12 15467 534.705 1 647
2005-Jan-12 12:06:56 15839.7 542.813 1 647
2005-Jan-12 12:14:40 15966.9 560.817 1 643
2005-Jan-12 12:22:24 15183.9 575.893 1 645
2005-Jan-12 12:30:08 15141.9 598.318 1 648
2005-Jan-12 12:37:52 15379.2 606.014 1 643
2005-Jan-12 12:45:36 15773.1 623.046 1 642
2005-Jan-12 12:53:20 15469.7 632.121 1 647
2005-Jan-12 13:01:04 15298.8 625.937 1 644
2005-Jan-12 13:08:48 15815.9 650.961 1 643
2005-Jan-12 13:16:32 15884.9 675.121 1 645
2005-Jan-12 13:24:16 15455.5 664.206 1 645
2005-Jan-12 13:32:00 15643.1 718.155 1 645
2005-Jan-12 13:39:44 15604.7 698.65 1 643
2005-Jan-12 13:47:28 15136.5 732.016 1 646
2005-Jan-12 13:55:12 15401.1 736.477 1 642
2005-Jan-12 14:02:56 15809.7 791.434 1 639
2005-Jan-12 14:10:40 15550.8 782.685 1 641
2005-Jan-12 14:18:24 15142.7 766.582 1 642
2005-Jan-12 14:26:08 15210.5 792.381 1 641
2005-Jan-12 14:33:52 15490 758.955 1 641
2005-Jan-12 14:41:36 14956.5 733.859 1 643
2005-Jan-12 14:49:20 15014.3 762.924 1 640
2005-Jan-12 14:57:04 16008 823.799 1 641
2005-Jan-12 15:04:48 15591.7 801.363 1 643
2005-Jan-12 15:12:32 15034.8 795.274 1 645
2005-Jan-12 15:20:16 14884.2 806.658 1 644
2005-Jan-12 15:28:00 15504.1 778.673 1 647
2005-Jan-12 15:35:44 15499.5 767.932 1 646
2005-Jan-12 15:43:28 15109.4 788.479 1 644
2005-Jan-12 15:51:12 15181.5 814.674 1 646
2005-Jan-12 15:58:56 15899.1 795.887 1 647
2005-Jan-12 16:06:40 14763.9 773.94 1 643
2005-Jan-12 16:14:24 15900.8 797.275 1 643
2005-Jan-12 16:22:08 16013.1 804.834 1 639
2005-Jan-12 16:29:52 15703.5 808.39 1 642
2005-Jan-12 16:37:36 14709.9 775.773 1 641
2005-Jan-12 16:45:20 14971.2 800.92 1 644
2005-Jan-12 16:53:04 15427.8 830.358 1 644
2005-Jan-12 17:00:48 15872.7 806.961 1 642
2005-Jan-12 17:08:32 15904.3 802.7 1 639
2005-Jan-12 17:16:16 14578.3 789.39 1 642
2005-Jan-12 17:24:00 15175.9 815.299 1 639
2005-Jan-12 17:31:44 15262.2 808.506 1 643
#$2.08424e-16 -2.5336e-16 2
#$1.96115e-16 -1.00279e-16 0
#$2.27257e-16 -4.33718e-16 1
#PROFILE segment=2 windows=45 fft_qc_s=0.0741395 pack_s=0.0247605 stack_s=5.98466 fit_s=0.00119329 total_s=6.08671
#Segment 2005-Jan-12 2 accepted_windows=45
2005-Jan-12 21:31:28 15293.3 618.222 1 630
2005-Jan-12 21:39:12 15255.2 602.953 1 633
2005-Jan-12 21:46:56 15307.1 592.409 1 636
2005-Jan-12 21:54:40 15481.1 621.47 1 633
2005-Jan-12 22:02:24 15183.7 604.891 1 633
2005-Jan-12 22:10:08 15818.9 587.059 1 635
2005-Jan-12 22:17:52 15373.7 585.282 1 631
2005-Jan-12 22:25:36 14716.5 592.18 1 630
2005-Jan-12 22:33:20 15703.3 575.118 1 630
2005-Jan-12 22:41:04 15390.7 565.455 1 631
2005-Jan-12 22:48:48 15121.2 553.669 1 633
2005-Jan-12 22:56:32 15339.8 570.48 1 633
2005-Jan-12 23:04:16 16015.9 551.017 1 631
2005-Jan-12 23:12:00 18886.4 554.668 1 628
2005-Jan-12 23:19:44 26179.9 531.885 1 629
2005-Jan-12 23:27:28 16927.8 531.022 1 625
2005-Jan-12 23:35:12 15498.9 529.575 1 630
#$1.36819e-16 -1.64504e-16 2
#$1.43641e-16 -8.34277e-17 0
#$1.44578e-16 -2.63226e-16 1
#PROFILE segment=3 windows=17 fft_qc_s=0.0312881 pack_s=0.00925521 stack_s=2.21731 fit_s=0.00125479 total_s=2.27487
#Segment 2005-Jan-12 3 accepted_windows=17
#Start/Users/knishida/Projects/Autofocusing/repo/build-clang/matrix-audit-20050104-14/input/2005/0113/20050130000.h5 690 412.985s
#LOAD_PROFILE init_s=0.0414617 read_decode_copy_s=3.10398 filter_s=0.25147 total_s=3.39691
#Read data: load_h5 /Users/knishida/Projects/Autofocusing/repo/build-clang/matrix-audit-20050104-14/input/2005/0113/20050130000.h5 690 416.386s
2005-Jan-13 00:00:00 16110.6 495.11 1 625
2005-Jan-13 00:07:44 15832.4 508.654 1 622
2005-Jan-13 00:15:28 15389.3 478.653 1 624
2005-Jan-13 00:23:12 15626.2 466.897 1 621
2005-Jan-13 00:30:56 16322.4 479.692 1 621
2005-Jan-13 00:38:40 15906.7 452.532 1 624
2005-Jan-13 00:46:24 15571 454.748 1 622
2005-Jan-13 00:54:08 15482.2 451.178 1 622
2005-Jan-13 01:01:52 15457.7 462.852 1 624
2005-Jan-13 01:09:36 16342.8 487.946 1 625
2005-Jan-13 01:17:20 15725.9 455.504 1 622
2005-Jan-13 01:25:04 15999.6 441.734 1 621
2005-Jan-13 01:32:48 15436.8 462.01 1 619
2005-Jan-13 01:40:32 16378.8 455.625 1 618
2005-Jan-13 01:48:16 15812.6 441.439 1 620
2005-Jan-13 01:56:00 15571.6 411.322 1 621
2005-Jan-13 02:03:44 15068.4 428.15 1 622
2005-Jan-13 02:11:28 15676.3 431.681 1 621
2005-Jan-13 02:19:12 14959.4 433.061 1 623
2005-Jan-13 02:26:56 15719.3 407.015 1 624
2005-Jan-13 02:34:40 16043.3 416.51 1 621
2005-Jan-13 02:42:24 16322.4 421.627 1 622
2005-Jan-13 02:50:08 15569.7 409.422 1 621
2005-Jan-13 02:57:52 15458.1 404.016 1 617
2005-Jan-13 03:05:36 16342.2 398.421 1 617
2005-Jan-13 03:13:20 15535.5 391.915 1 616
2005-Jan-13 03:21:04 15727.5 400.32 1 618
2005-Jan-13 04:38:24 15866.6 416.77 1 612
2005-Jan-13 04:46:08 15837.4 390.317 1 610
2005-Jan-13 05:32:32 15636.2 367.557 1 612
2005-Jan-13 05:40:16 15279 346.187 1 611
2005-Jan-13 05:48:00 15361.5 343.631 1 610
2005-Jan-13 05:55:44 14966.5 357.648 1 608
2005-Jan-13 06:03:28 15770.9 345.44 1 611
#$8.76447e-17 -1.11374e-16 2
#deg max=55 0.959931
#dp_Δ max=-1.325e-05
#POWER_PROFILE stage=grid total_s=0.0683245
#POWER_PROFILE stage=bootstrap total_s=1.07704
#$8.78815e-17 -3.36726e-17 0
#deg max=160 2.79253
#dp_Δ max=2.5e-06
#POWER_PROFILE stage=grid total_s=0.0682612
#POWER_PROFILE stage=bootstrap total_s=1.07446
#$8.95082e-17 -1.75571e-16 1
#deg max=25 0.436332
#dp_Δ max=2.5e-07
#POWER_PROFILE stage=grid total_s=0.0693316
#POWER_PROFILE stage=bootstrap total_s=1.0885
#PROFILE segment=0 windows=34 fft_qc_s=0.0779679 pack_s=0.0183178 stack_s=4.35124 fit_s=4.67114 total_s=9.12066
#Segment 2005-Jan-13 0 accepted_windows=34
2005-Jan-13 05:55:44 14966.5 357.648 1 608
2005-Jan-13 06:03:28 15770.9 345.44 1 611
2005-Jan-13 06:11:12 15463.4 341.633 1 611
2005-Jan-13 06:18:56 15454.6 339.722 1 612
2005-Jan-13 06:26:40 15461.6 338.462 1 611
2005-Jan-13 06:34:24 15055.5 331.971 1 613
2005-Jan-13 06:42:08 15610.5 339.696 1 610
2005-Jan-13 06:49:52 15598.4 327.907 1 613
2005-Jan-13 06:57:36 15670.5 328.155 1 610
2005-Jan-13 07:05:20 15024.2 331.254 1 610
2005-Jan-13 07:13:04 15840.7 327.584 1 607
2005-Jan-13 07:20:48 15304.8 330.708 1 608
2005-Jan-13 07:28:32 15508.5 325.05 1 608
2005-Jan-13 07:36:16 14948.3 322.433 1 609
2005-Jan-13 07:44:00 15006.8 321.084 1 610
2005-Jan-13 07:51:44 15444.6 315.778 1 605
2005-Jan-13 07:59:28 15236.2 320.601 1 604
2005-Jan-13 08:07:12 15331 318.471 1 607
2005-Jan-13 08:14:56 14832.3 305.505 1 607
2005-Jan-13 08:22:40 15089.4 317.358 1 609
2005-Jan-13 08:30:24 15152.1 323.882 1 605
2005-Jan-13 08:38:08 15561.5 317.699 1 607
2005-Jan-13 09:09:04 17538.1 345.427 1 606
2005-Jan-13 09:16:48 22289 353.079 1 605
2005-Jan-13 09:24:32 16729 322.859 1 603
2005-Jan-13 09:32:16 15535.3 322.254 1 603
2005-Jan-13 09:40:00 15428.2 319.101 1 605
2005-Jan-13 09:47:44 15084.4 316.705 1 604
2005-Jan-13 09:55:28 14808.8 324.461 1 602
2005-Jan-13 10:03:12 15263.9 325.152 1 604
2005-Jan-13 10:10:56 15975.1 325.802 1 603
2005-Jan-13 10:18:40 15349.9 331.369 1 600
2005-Jan-13 10:26:24 15482.4 304.994 1 602
2005-Jan-13 10:34:08 14754.2 321.311 1 603
2005-Jan-13 10:41:52 15009.3 331.863 1 601
2005-Jan-13 10:49:36 15274.2 333.156 1 600
2005-Jan-13 10:57:20 14994.2 330.068 1 602
2005-Jan-13 11:05:04 15527.6 330.78 1 603
2005-Jan-13 11:12:48 15752.8 334.15 1 603
2005-Jan-13 11:20:32 15854.1 326.932 1 605
2005-Jan-13 11:28:16 15292 318.84 1 606
2005-Jan-13 11:36:00 14904.1 331.283 1 606
2005-Jan-13 11:43:44 15140.1 332.024 1 602
2005-Jan-13 11:51:28 15741.3 335.656 1 603
2005-Jan-13 11:59:12 15533.2 342.958 1 602
#$5.95941e-17 -7.99826e-17 2
#deg max=85 1.48353
#dp_Δ max=-1.25e-06
#POWER_PROFILE stage=grid total_s=0.0907353
#POWER_PROFILE stage=bootstrap total_s=1.43207
#$7.42051e-17 -2.73186e-17 0
#deg max=35 0.610865
#dp_Δ max=-1.25e-06
#POWER_PROFILE stage=grid total_s=0.0903848
#POWER_PROFILE stage=bootstrap total_s=1.42114
#$6.95603e-17 -1.40471e-16 1
#deg max=5 0.0872665
#dp_Δ max=9.25e-06
#POWER_PROFILE stage=grid total_s=0.091559
#POWER_PROFILE stage=bootstrap total_s=1.42348
#PROFILE segment=1 windows=45 fft_qc_s=0.0797305 pack_s=0.0240935 stack_s=5.639 fit_s=6.16944 total_s=11.9141
#Segment 2005-Jan-13 1 accepted_windows=45
2005-Jan-13 11:51:28 15741.3 335.656 1 603
2005-Jan-13 11:59:12 15533.2 342.958 1 602
2005-Jan-13 12:06:56 15320.7 360.624 1 602
2005-Jan-13 12:14:40 15240.2 353.403 1 596
2005-Jan-13 12:22:24 15356.1 353.215 1 604
2005-Jan-13 12:30:08 15279.4 364.604 1 599
2005-Jan-13 12:37:52 15223.1 365.711 1 600
2005-Jan-13 12:45:36 15057.8 375.671 1 602
2005-Jan-13 12:53:20 15281.4 372.282 1 600
2005-Jan-13 13:01:04 15080.7 364.178 1 601
2005-Jan-13 13:08:48 15028.7 371.255 1 599
2005-Jan-13 13:16:32 15299.4 372.306 1 602
2005-Jan-13 13:24:16 15926.8 384.244 1 602
2005-Jan-13 13:32:00 16045.5 389.135 1 599
2005-Jan-13 13:39:44 15619.4 390.423 1 599
2005-Jan-13 13:47:28 14981.3 379.724 1 598
2005-Jan-13 13:55:12 15327.1 383.235 1 599
2005-Jan-13 14:02:56 15462.1 398.313 1 598
2005-Jan-13 14:10:40 15166.6 409.985 1 596
2005-Jan-13 14:18:24 15579.1 400.95 1 594
2005-Jan-13 14:26:08 15701.9 403.985 1 596
2005-Jan-13 14:33:52 15656.3 402.283 1 598
2005-Jan-13 14:41:36 15263.4 411.221 1 597
2005-Jan-13 14:49:20 15493 427.585 1 601
2005-Jan-13 14:57:04 15144.2 423.313 1 599
2005-Jan-13 15:04:48 15273 403.76 1 601
2005-Jan-13 15:12:32 15154.9 414.452 1 603
2005-Jan-13 15:20:16 15300.8 406.531 1 600
2005-Jan-13 15:28:00 15206.9 429.014 1 601
2005-Jan-13 15:35:44 15221.6 419.617 1 602
2005-Jan-13 15:43:28 14756 422.643 1 600
2005-Jan-13 15:51:12 14788 425.632 1 600
2005-Jan-13 15:58:56 15148.2 441.148 1 600
2005-Jan-13 16:06:40 15449.5 453.687 1 601
2005-Jan-13 16:14:24 14823 448.958 1 600
2005-Jan-13 16:22:08 15583.1 451.499 1 599
2005-Jan-13 16:29:52 15018.9 468.016 1 600
2005-Jan-13 16:37:36 15329.7 475.108 1 601
2005-Jan-13 16:45:20 15242.2 480.406 1 603
2005-Jan-13 16:53:04 15149.8 454.035 1 600
2005-Jan-13 17:00:48 15894.1 448.668 1 603
2005-Jan-13 17:08:32 15336.9 445.08 1 606
2005-Jan-13 17:16:16 14795.8 472.056 1 601
2005-Jan-13 17:24:00 14710.1 457.121 1 601
2005-Jan-13 17:31:44 15535.4 469.803 1 601
2005-Jan-13 17:39:28 15462.3 464.656 1 600
2005-Jan-13 17:47:12 14991.3 480.611 1 599
2005-Jan-13 17:54:56 14909.6 467.733 1 601
#$4.25969e-17 -6.44694e-17 2
#deg max=40 0.698132
#dp_Δ max=-1.625e-05
#POWER_PROFILE stage=grid total_s=0.0961244
#POWER_PROFILE stage=bootstrap total_s=1.53627
#deg max=135 2.35619
#dp_Δ max=-9.5e-06
#POWER_PROFILE stage=grid total_s=0.0963571
#POWER_PROFILE stage=bootstrap total_s=1.52247
#deg max=30 0.523599
#dp_Δ max=-1.25e-06
#POWER_PROFILE stage=grid total_s=0.0974611
#POWER_PROFILE stage=bootstrap total_s=1.58232
#$5.78752e-17 -2.99478e-17 0
#deg max=145 2.53073
#dp_Δ max=-1.25e-06
#POWER_PROFILE stage=grid total_s=0.0963235
#POWER_PROFILE stage=bootstrap total_s=1.54489
#deg max=170 2.96706
#dp_Δ max=1.75e-06
#POWER_PROFILE stage=grid total_s=0.0989531
#POWER_PROFILE stage=bootstrap total_s=1.54439
#$4.76071e-17 -1.09299e-16 1
#deg max=10 0.174533
#dp_Δ max=2.5e-07
#POWER_PROFILE stage=grid total_s=0.0966434
#POWER_PROFILE stage=bootstrap total_s=1.54281
#deg max=70 1.22173
#dp_Δ max=-1.1e-05
#POWER_PROFILE stage=grid total_s=0.0973617
#POWER_PROFILE stage=bootstrap total_s=1.53026
#PROFILE segment=2 windows=48 fft_qc_s=0.081188 pack_s=0.0254954 stack_s=5.98712 fit_s=14.2876 total_s=20.3834
#Segment 2005-Jan-13 2 accepted_windows=48
2005-Jan-13 17:47:12 14991.3 480.611 1 599
2005-Jan-13 17:54:56 14909.6 467.733 1 601
2005-Jan-13 18:02:40 15117.1 474.295 1 600
2005-Jan-13 18:10:24 15766.3 477.385 1 600
2005-Jan-13 18:18:08 15318.7 487.961 1 604
2005-Jan-13 18:25:52 15247.5 490.092 1 602
2005-Jan-13 18:33:36 15325.6 495.672 1 601
2005-Jan-13 18:41:20 15358.1 457.906 1 603
2005-Jan-13 18:49:04 15311.6 475.734 1 605
2005-Jan-13 18:56:48 15102.1 484.014 1 602
2005-Jan-13 19:04:32 15330.4 479.93 1 603
2005-Jan-13 19:12:16 15774.8 474.974 1 603
2005-Jan-13 19:20:00 16123.4 506.054 1 603
2005-Jan-13 19:27:44 15470.3 489.88 1 605
2005-Jan-13 19:35:28 15335.7 465.656 1 601
2005-Jan-13 19:43:12 16198.8 476.097 1 602
2005-Jan-13 19:50:56 15486.9 488.958 1 607
2005-Jan-13 19:58:40 15342.7 488.423 1 603
2005-Jan-13 20:06:24 15584.8 500.009 1 605
2005-Jan-13 20:14:08 15879.3 478.324 1 603
2005-Jan-13 20:21:52 15137.7 489.145 1 606
2005-Jan-13 20:29:36 14950 480.177 1 605
2005-Jan-13 20:37:20 16064 484.077 1 603
2005-Jan-13 20:45:04 15627 483.656 1 608
2005-Jan-13 20:52:48 14955.2 477.708 1 602
2005-Jan-13 21:00:32 16026.8 470.131 1 604
2005-Jan-13 21:08:16 15630 442.545 1 602
2005-Jan-13 21:16:00 15322.8 459.136 1 604
2005-Jan-13 21:23:44 15244.3 464.838 1 602
2005-Jan-13 21:31:28 15591.5 463.587 1 602
2005-Jan-13 21:39:12 15142.6 450.912 1 606
2005-Jan-13 21:46:56 15614.5 458.178 1 606
2005-Jan-13 21:54:40 14965 417.285 1 605
2005-Jan-13 22:02:24 15782.6 434.505 1 607
2005-Jan-13 22:10:08 15278.7 429.999 1 605
2005-Jan-13 22:17:52 15414 429.957 1 605
2005-Jan-13 22:25:36 15657.6 428.503 1 603
2005-Jan-13 22:33:20 15427.6 416.989 1 605
2005-Jan-13 22:41:04 15429.9 421.655 1 607
2005-Jan-13 22:48:48 15898 437.141 1 606
2005-Jan-13 22:56:32 15307.9 404.525 1 610
2005-Jan-13 23:04:16 15344.2 407.965 1 606
2005-Jan-13 23:12:00 14883.8 418.207 1 608
2005-Jan-13 23:19:44 15453.6 418.767 1 608
2005-Jan-13 23:27:28 15511.7 402.456 1 609
2005-Jan-13 23:35:12 15809.1 408.652 1 608
#$3.02116e-17 -5.38659e-17 2
#deg max=65 1.13446
#dp_Δ max=-7.25e-06
#POWER_PROFILE stage=grid total_s=0.0927088
#POWER_PROFILE stage=bootstrap total_s=1.47588
#deg max=50 0.872665
#dp_Δ max=2.5e-07
#POWER_PROFILE stage=grid total_s=0.0939035
#POWER_PROFILE stage=bootstrap total_s=1.46784
#deg max=25 0.436332
#dp_Δ max=-2e-06
#POWER_PROFILE stage=grid total_s=0.0934943
#POWER_PROFILE stage=bootstrap total_s=1.47443
#$4.41675e-17 -2.85558e-17 0
#deg max=90 1.5708
#dp_Δ max=1.75e-06
#POWER_PROFILE stage=grid total_s=0.0929767
#POWER_PROFILE stage=bootstrap total_s=1.46296
#deg max=40 0.698132
#dp_Δ max=2.5e-07
#POWER_PROFILE stage=grid total_s=0.0931307
#POWER_PROFILE stage=bootstrap total_s=1.46975
#$3.08291e-17 -8.49232e-17 1
#deg max=25 0.436332
#dp_Δ max=3.25e-06
#POWER_PROFILE stage=grid total_s=0.0929963
#POWER_PROFILE stage=bootstrap total_s=1.47595
#deg max=170 2.96706
#dp_Δ max=2.5e-07
#POWER_PROFILE stage=grid total_s=0.0926737
#POWER_PROFILE stage=bootstrap total_s=1.46627
#PROFILE segment=3 windows=46 fft_qc_s=0.0767328 pack_s=0.0245524 stack_s=5.80688 fit_s=15.2814 total_s=21.2042
#Segment 2005-Jan-13 3 accepted_windows=46
#Start/Users/knishida/Projects/Autofocusing/repo/build-clang/matrix-audit-20050104-14/input/2005/0114/20050140000.h5 690 479.012s
#LOAD_PROFILE init_s=0.0409437 read_decode_copy_s=3.05288 filter_s=0.252582 total_s=3.34641
#Read data: load_h5 /Users/knishida/Projects/Autofocusing/repo/build-clang/matrix-audit-20050104-14/input/2005/0114/20050140000.h5 689 482.363s
2005-Jan-14 00:00:00 15056.8 387.36 1 603
2005-Jan-14 00:07:44 15439 402.799 1 601
2005-Jan-14 00:15:28 15431.9 394.18 1 607
2005-Jan-14 00:23:12 15355.1 410.268 1 604
2005-Jan-14 00:30:56 15086.1 389.992 1 607
2005-Jan-14 00:38:40 15315.5 396.137 1 607
2005-Jan-14 00:46:24 14840.6 392.928 1 605
2005-Jan-14 00:54:08 15300.9 379.178 1 604
2005-Jan-14 01:01:52 14806.5 390.065 1 607
2005-Jan-14 01:09:36 14983.1 384.853 1 608
2005-Jan-14 01:17:20 15705 367.549 1 609
2005-Jan-14 01:25:04 14969.5 380.667 1 608
2005-Jan-14 01:32:48 15251.1 377.9 1 607
2005-Jan-14 01:40:32 15073.5 359.163 1 608
2005-Jan-14 01:48:16 15072 367.322 1 605
2005-Jan-14 01:56:00 14842.3 367.678 1 603
2005-Jan-14 02:03:44 14607.1 353.17 1 607
2005-Jan-14 02:11:28 14711.6 341.89 1 605
2005-Jan-14 02:19:12 14950.7 366.213 1 608
2005-Jan-14 02:26:56 15719.8 344.674 1 606
2005-Jan-14 02:34:40 15224.3 348.247 1 608
2005-Jan-14 02:42:24 15595.5 331.384 1 607
2005-Jan-14 02:50:08 15456.4 348.529 1 608
2005-Jan-14 02:57:52 15127.7 348.78 1 606
2005-Jan-14 03:05:36 14946.6 356.067 1 605
2005-Jan-14 03:13:20 14949.7 358.124 1 604
2005-Jan-14 03:21:04 14866.3 332.567 1 609
2005-Jan-14 03:28:48 15350.2 321.502 1 605
2005-Jan-14 03:36:32 14679.7 332.987 1 608
2005-Jan-14 03:44:16 15759.3 317.66 1 613
2005-Jan-14 03:52:00 14947.3 329.359 1 608
2005-Jan-14 03:59:44 15205 324.908 1 608
2005-Jan-14 04:07:28 15645.6 327.049 1 611
2005-Jan-14 04:15:12 15165.7 334.063 1 612
2005-Jan-14 04:22:56 14594.4 311.074 1 610
2005-Jan-14 04:30:40 15570.2 300.35 1 608
2005-Jan-14 04:38:24 14767.9 307.092 1 612
2005-Jan-14 04:46:08 15043.8 311.91 1 611
2005-Jan-14 04:53:52 15533.7 303.201 1 612
2005-Jan-14 05:01:36 15229.8 298.837 1 614
2005-Jan-14 05:09:20 15012.8 292.91 1 612
2005-Jan-14 05:17:04 14798.8 304.633 1 614
2005-Jan-14 05:24:48 15251.4 307.926 1 615
2005-Jan-14 05:32:32 14764.9 301.511 1 612
2005-Jan-14 05:40:16 15271.1 291.68 1 611
2005-Jan-14 05:48:00 15074.3 301.172 1 610
2005-Jan-14 05:55:44 15754.5 304.211 1 611
2005-Jan-14 06:03:28 15127.1 279.427 1 613
#$2.27353e-17 -4.18658e-17 2
#deg max=80 1.39626
#dp_Δ max=-7.25e-06
#POWER_PROFILE stage=grid total_s=0.0966595
#POWER_PROFILE stage=bootstrap total_s=1.51811
#deg max=35 0.610865
#dp_Δ max=-5e-06
#POWER_PROFILE stage=grid total_s=0.0963455
#POWER_PROFILE stage=bootstrap total_s=1.51936
#$3.21528e-17 -2.33955e-17 0
#deg max=5 0.0872665
#dp_Δ max=-4.25e-06
#POWER_PROFILE stage=grid total_s=0.0960538
#POWER_PROFILE stage=bootstrap total_s=1.51914
#deg max=90 1.5708
#dp_Δ max=-5e-07
#POWER_PROFILE stage=grid total_s=0.0962397
#POWER_PROFILE stage=bootstrap total_s=1.52493
#$2.17501e-17 -5.84391e-17 1
#deg max=160 2.79253
#dp_Δ max=-2e-06
#POWER_PROFILE stage=grid total_s=0.0963303
#POWER_PROFILE stage=bootstrap total_s=1.52179
#deg max=170 2.96706
#dp_Δ max=4e-06
#POWER_PROFILE stage=grid total_s=0.0974477
#POWER_PROFILE stage=bootstrap total_s=1.53177
#PROFILE segment=0 windows=48 fft_qc_s=0.0787015 pack_s=0.0254949 stack_s=6.05057 fit_s=12.9715 total_s=19.1281
#Segment 2005-Jan-14 0 accepted_windows=48
2005-Jan-14 05:55:44 15754.5 304.211 1 611
2005-Jan-14 06:03:28 15127.1 279.427 1 613
2005-Jan-14 06:11:12 15273.1 286.128 1 615
2005-Jan-14 06:18:56 15362.8 286.907 1 616
2005-Jan-14 06:26:40 15424.9 284.487 1 615
2005-Jan-14 06:34:24 15019.4 286.608 1 614
2005-Jan-14 06:42:08 15572.6 267.207 1 615
2005-Jan-14 06:49:52 14865.2 266.429 1 614
2005-Jan-14 06:57:36 15406.1 269.555 1 616
2005-Jan-14 07:05:20 14999.2 257.383 1 613
2005-Jan-14 07:13:04 15239.6 267.383 1 614
2005-Jan-14 07:20:48 14468.8 260.133 1 613
2005-Jan-14 07:28:32 14352.3 261.065 1 614
2005-Jan-14 07:36:16 14777.6 264.718 1 616
2005-Jan-14 07:44:00 15237.2 256.423 1 615
2005-Jan-14 07:51:44 14940.9 257.79 1 617
2005-Jan-14 07:59:28 14046.7 258.7 1 615
2005-Jan-14 08:07:12 14897.3 257.034 1 612
2005-Jan-14 08:14:56 15111.6 245.739 1 615
2005-Jan-14 08:22:40 14482.7 242.891 1 614
2005-Jan-14 08:30:24 14979.1 244.016 1 613
2005-Jan-14 08:38:08 14894.1 241.174 1 614
2005-Jan-14 09:09:04 14710 241.668 1 613
2005-Jan-14 09:16:48 14668.8 240.625 1 612
2005-Jan-14 09:24:32 15595 242.838 1 615
2005-Jan-14 09:32:16 14630.3 239.466 1 615
2005-Jan-14 09:40:00 14997.9 231.224 1 618
2005-Jan-14 09:47:44 14930.8 231.993 1 616
2005-Jan-14 09:55:28 14652.1 232.812 1 617
2005-Jan-14 10:03:12 14859.9 232.18 1 615
2005-Jan-14 10:10:56 15317.6 218.551 1 615
2005-Jan-14 10:18:40 15260.6 238.87 1 615
2005-Jan-14 10:26:24 15004.7 226.415 1 614
2005-Jan-14 10:34:08 14962.4 220.09 1 615
2005-Jan-14 10:41:52 15218.4 226.268 1 614
2005-Jan-14 10:49:36 15321.4 228.718 1 616
2005-Jan-14 10:57:20 15192.4 224.089 1 614
2005-Jan-14 11:05:04 15286.7 223.531 1 616
2005-Jan-14 11:12:48 15480.1 217.33 1 613
2005-Jan-14 11:20:32 15343.4 212.964 1 614
2005-Jan-14 11:28:16 15408.6 217.476 1 618
2005-Jan-14 11:36:00 15771.1 226.317 1 617
2005-Jan-14 11:43:44 16002.2 216.992 1 617
2005-Jan-14 11:51:28 15012.9 215.898 1 611
2005-Jan-14 11:59:12 14893.2 221.461 1 610
#$1.72934e-17 -3.41733e-17 2
#deg max=75 1.309
#dp_Δ max=-5.75e-06
#POWER_PROFILE stage=grid total_s=0.0905437
#POWER_PROFILE stage=bootstrap total_s=1.45229
#$2.38681e-17 -1.54234e-17 0
#deg max=165 2.87979
#dp_Δ max=-1.25e-06
#POWER_PROFILE stage=grid total_s=0.0903203
#POWER_PROFILE stage=bootstrap total_s=1.43455
#$1.56683e-17 -4.24283e-17 1
#deg max=130 2.26893
#dp_Δ max=2.5e-06
#POWER_PROFILE stage=grid total_s=0.093307
#POWER_PROFILE stage=bootstrap total_s=1.42849
#PROFILE segment=1 windows=45 fft_qc_s=0.0803915 pack_s=0.0242164 stack_s=5.76195 fit_s=5.85111 total_s=11.7196
#Segment 2005-Jan-14 1 accepted_windows=45
2005-Jan-14 11:51:28 15012.9 215.898 1 611
2005-Jan-14 11:59:12 14893.2 221.461 1 610
2005-Jan-14 12:06:56 14632.3 220.034 1 613
2005-Jan-14 12:14:40 14737.1 213.419 1 613
2005-Jan-14 12:22:24 14479.7 210.288 1 616
2005-Jan-14 12:30:08 15751.7 213.64 1 612
2005-Jan-14 12:37:52 15076.8 212.678 1 613
2005-Jan-14 12:45:36 15056.5 206.119 1 614
2005-Jan-14 12:53:20 14539.3 204.765 1 610
2005-Jan-14 13:01:04 14839 200.712 1 614
2005-Jan-14 13:08:48 15278.6 201.473 1 614
2005-Jan-14 13:16:32 14894.7 202.993 1 613
2005-Jan-14 13:24:16 15890.8 209.118 1 614
2005-Jan-14 13:32:00 14704.7 210.659 1 612
2005-Jan-14 13:39:44 14817.8 208.759 1 615
2005-Jan-14 13:47:28 14541.5 208.699 1 613
2005-Jan-14 13:55:12 15074.5 204.185 1 612
2005-Jan-14 14:02:56 15607.7 199.912 1 611
2005-Jan-14 14:10:40 15422 208.306 1 610
2005-Jan-14 14:18:24 14493.9 212.089 1 612
2005-Jan-14 14:26:08 14690.4 203.257 1 607
2005-Jan-14 14:33:52 14450.3 205.569 1 610
2005-Jan-14 14:41:36 15062 206.125 1 609
2005-Jan-14 14:49:20 14968.2 204.037 1 613
2005-Jan-14 14:57:04 15669.1 201.351 1 615
2005-Jan-14 15:04:48 15009.9 198.45 1 615
2005-Jan-14 15:12:32 14680.6 199.5 1 614
2005-Jan-14 15:20:16 15134.9 190.053 1 614
2005-Jan-14 15:28:00 14856.5 193.049 1 617
2005-Jan-14 15:35:44 15456.8 196.842 1 613
2005-Jan-14 15:43:28 15469.5 202.383 1 615
2005-Jan-14 15:51:12 15277.5 200.043 1 617
2005-Jan-14 15:58:56 15640.8 202.597 1 619
2005-Jan-14 16:06:40 15034.8 202.163 1 613
2005-Jan-14 16:14:24 15203 200.919 1 616
2005-Jan-14 16:22:08 14765.2 209.286 1 615
2005-Jan-14 16:29:52 14891.4 211.324 1 612
2005-Jan-14 16:37:36 14597.4 207.775 1 614
2005-Jan-14 16:45:20 15413.4 209.402 1 616
2005-Jan-14 16:53:04 15373.9 205.675 1 617
2005-Jan-14 17:00:48 15193 205.798 1 619
2005-Jan-14 17:08:32 14650 206.418 1 621
2005-Jan-14 17:16:16 15274.2 198.141 1 618
#$1.40789e-17 -2.88065e-17 2
#deg max=75 1.309
#dp_Δ max=-7.25e-06
#POWER_PROFILE stage=grid total_s=0.0863965
#POWER_PROFILE stage=bootstrap total_s=1.38305
#deg max=105 1.8326
#dp_Δ max=-5e-07
#POWER_PROFILE stage=grid total_s=0.086317
#POWER_PROFILE stage=bootstrap total_s=1.3611
#$1.79801e-17 -1.09033e-17 0
#deg max=35 0.610865
#dp_Δ max=1.75e-06
#POWER_PROFILE stage=grid total_s=0.0861283
#POWER_PROFILE stage=bootstrap total_s=1.35668
#deg max=55 0.959931
#dp_Δ max=2.5e-07
#POWER_PROFILE stage=grid total_s=0.0868099
#POWER_PROFILE stage=bootstrap total_s=1.36258
#$1.05717e-17 -3.28573e-17 1
#deg max=120 2.0944
#dp_Δ max=1.75e-06
#POWER_PROFILE stage=grid total_s=0.0876493
#POWER_PROFILE stage=bootstrap total_s=1.36873
#deg max=35 0.610865
#dp_Δ max=2.5e-06
#POWER_PROFILE stage=grid total_s=0.0870827
#POWER_PROFILE stage=bootstrap total_s=1.37653
#PROFILE segment=2 windows=43 fft_qc_s=0.071607 pack_s=0.0231044 stack_s=5.46145 fit_s=11.268 total_s=16.8262
#Segment 2005-Jan-14 2 accepted_windows=43
2005-Jan-14 20:06:24 15142.7 234.995 1 621
2005-Jan-14 20:14:08 15203.4 237.117 1 624
2005-Jan-14 20:21:52 15630.4 230.255 1 623
2005-Jan-14 20:29:36 15428.9 231.174 1 622
2005-Jan-14 20:37:20 14804.5 233.953 1 622
2005-Jan-14 20:45:04 15235.3 234.405 1 624
2005-Jan-14 20:52:48 15308.3 233.53 1 623
2005-Jan-14 21:00:32 14971.8 234.772 1 629
2005-Jan-14 21:08:16 14826.1 235.194 1 624
2005-Jan-14 21:16:00 15018.9 247.054 1 623
2005-Jan-14 21:23:44 14811.4 246.054 1 624
2005-Jan-14 21:31:28 15070.2 235.857 1 624
2005-Jan-14 21:39:12 14825.1 229.204 1 626
2005-Jan-14 21:46:56 14692.5 235.795 1 627
2005-Jan-14 21:54:40 15225.9 235.148 1 625
2005-Jan-14 22:02:24 15214.4 235.765 1 621
2005-Jan-14 22:10:08 15435.6 242.371 1 625
2005-Jan-14 22:17:52 15534.3 242.097 1 628
2005-Jan-14 22:25:36 15448 229.966 1 628
2005-Jan-14 22:33:20 15506.7 229.159 1 625
2005-Jan-14 22:41:04 15434.4 227.41 1 626
2005-Jan-14 22:48:48 15377.9 236.218 1 626
2005-Jan-14 22:56:32 15127.3 230.859 1 626
2005-Jan-14 23:04:16 15039.7 233.908 1 629
2005-Jan-14 23:12:00 14707.3 226.814 1 624
2005-Jan-14 23:19:44 15065.2 225.412 1 624
2005-Jan-14 23:27:28 15670.8 229.856 1 629
2005-Jan-14 23:35:12 14806.4 222.397 1 629
#$1.33491e-17 -3.04233e-17 2
#deg max=85 1.48353
#dp_Δ max=-9.5e-06
#POWER_PROFILE stage=grid total_s=0.0569202
#POWER_PROFILE stage=bootstrap total_s=0.89076
#deg max=25 0.436332
#dp_Δ max=-5e-07
#POWER_PROFILE stage=grid total_s=0.0571255
#POWER_PROFILE stage=bootstrap total_s=0.89073
#deg max=15 0.261799
#dp_Δ max=3.25e-06
#POWER_PROFILE stage=grid total_s=0.0560416
#POWER_PROFILE stage=bootstrap total_s=0.897677
#$1.65187e-17 -1.29638e-17 0
#deg max=25 0.436332
#dp_Δ max=1.75e-06
#POWER_PROFILE stage=grid total_s=0.0560433
#POWER_PROFILE stage=bootstrap total_s=0.886999
#deg max=135 2.35619
#dp_Δ max=2.5e-07
#POWER_PROFILE stage=grid total_s=0.0573306
#POWER_PROFILE stage=bootstrap total_s=0.885674
#$1.10554e-17 -3.2842e-17 1
#deg max=130 2.26893
#dp_Δ max=-7.25e-06
#POWER_PROFILE stage=grid total_s=0.0566984
#POWER_PROFILE stage=bootstrap total_s=0.891035
#deg max=15 0.261799
#dp_Δ max=4.75e-06
#POWER_PROFILE stage=grid total_s=0.0564958
#POWER_PROFILE stage=bootstrap total_s=0.890762
#PROFILE segment=3 windows=28 fft_qc_s=0.0488919 pack_s=0.0152704 stack_s=3.61519 fit_s=8.9779 total_s=12.6593
#Segment 2005-Jan-14 3 accepted_windows=28
#ScanSummary days=11 missing=0 empty=0 multiple=0 loaded=11
#PROFILE accepted_windows_total=1873
#CPU_PROFILE stage=objective context=serial_caller calls=16380 inclusive_s=200.887
#CPU_PROFILE stage=objective context=outer_parallel calls=10350 inclusive_s=88.1759
#CPU_PROFILE stage=hessian context=serial_caller calls=1248 inclusive_s=16.8059
#CPU_PROFILE stage=hessian context=outer_parallel calls=0 inclusive_s=0
#CPU_PROFILE stage=rotation context=serial_caller calls=414 inclusive_s=0.810947
#CPU_PROFILE stage=rotation context=outer_parallel calls=0 inclusive_s=0
#CPU_PROFILE stage=fitting context=serial_caller calls=138 inclusive_s=39.3334
#CPU_PROFILE stage=fitting context=outer_parallel calls=0 inclusive_s=0
