#SlantStack backend=cpu (double)
#Power mode=off
#SlantStack step_s_per_km=0.005 max_s_per_km=0.165 grid=67x67
#FrequencyBand {"requested_min_hz":0.10000000000000001,"requested_max_hz":0.25,"min_hz":0.099609375,"max_hz":0.25,"df_hz":0.0009765625,"min_bin":102,"max_bin":256,"fft_length":2048,"sample_interval_s":0.5,"spectrum_bins":266}
#DateRange start=2005-01-15 end=2005-01-31 inclusive=true
#0.0996094 0.25
#Start/Users/knishida/Projects/Autofocusing/repo/build-clang/matrix-audit-20050115-31/input/2005/0115/20050150000.h5 0 0.000215s
#LOAD_PROFILE init_s=0.042172 read_decode_copy_s=3.01705 filter_s=0.248673 total_s=3.3079
#Read data: load_h5 /Users/knishida/Projects/Autofocusing/repo/build-clang/matrix-audit-20050115-31/input/2005/0115/20050150000.h5 687 3.31196s
2005-Jan-15 00:07:44 14953 221.394 1 626
2005-Jan-15 00:15:28 14614.6 220.549 1 626
2005-Jan-15 00:23:12 14689.5 217.516 1 626
2005-Jan-15 00:30:56 15319.7 227.694 1 630
2005-Jan-15 00:38:40 15625.9 222 1 626
2005-Jan-15 00:46:24 14489.4 211.033 1 627
2005-Jan-15 00:54:08 14907.9 214.555 1 628
2005-Jan-15 01:01:52 15751.4 214.709 1 628
2005-Jan-15 01:09:36 14317.9 215.773 1 628
2005-Jan-15 01:17:20 14853.6 215.844 1 631
2005-Jan-15 01:25:04 14829.4 227.961 1 630
2005-Jan-15 01:32:48 14597.5 217.119 1 628
2005-Jan-15 01:40:32 16079.1 215.842 1 631
2005-Jan-15 01:48:16 15621.7 212.306 1 629
2005-Jan-15 01:56:00 15102.4 220.871 1 634
2005-Jan-15 02:03:44 14935.6 214.03 1 631
2005-Jan-15 02:11:28 15201.7 213.22 1 630
2005-Jan-15 02:19:12 15268.2 213.346 1 630
2005-Jan-15 02:26:56 15706.5 209.563 1 628
2005-Jan-15 02:34:40 15570.3 216.798 1 629
2005-Jan-15 02:42:24 15281 212.954 1 630
2005-Jan-15 02:50:08 15000.2 207.511 1 634
2005-Jan-15 02:57:52 15119.1 208.531 1 635
2005-Jan-15 03:05:36 15259.3 209.668 1 634
2005-Jan-15 03:13:20 14544 213.513 1 639
2005-Jan-15 03:21:04 15059.1 220.603 1 640
2005-Jan-15 03:28:48 15293.2 215.158 1 636
2005-Jan-15 03:36:32 15092.5 207.965 1 634
2005-Jan-15 03:44:16 14825.3 202.485 1 636
2005-Jan-15 03:52:00 15801.2 212.672 1 635
2005-Jan-15 03:59:44 15001.1 204.541 1 638
2005-Jan-15 04:07:28 15135.7 205.431 1 634
2005-Jan-15 04:15:12 15150 203.835 1 636
2005-Jan-15 04:22:56 14561.7 214.663 1 633
2005-Jan-15 04:30:40 14258.9 202.271 1 633
2005-Jan-15 04:38:24 15203.1 202.511 1 637
2005-Jan-15 04:46:08 15275.9 205.707 1 633
2005-Jan-15 04:53:52 15688.8 203.055 1 634
2005-Jan-15 05:01:36 15584 204.158 1 637
2005-Jan-15 05:09:20 14750.3 202.287 1 635
2005-Jan-15 05:17:04 15121.4 199.729 1 636
2005-Jan-15 05:24:48 15242.5 201.144 1 635
2005-Jan-15 05:32:32 14478.6 199.827 1 634
2005-Jan-15 05:40:16 14979.2 202.393 1 637
2005-Jan-15 05:48:00 15248 203.109 1 637
2005-Jan-15 05:55:44 14932.5 202.025 1 633
2005-Jan-15 06:03:28 15159.3 204.997 1 637
#$1.22166e-17 -2.83493e-17 2
#deg max=25 0.436332
#dp_Δ max=-2.75e-06
#POWER_PROFILE stage=grid total_s=0.0956308
#POWER_PROFILE stage=bootstrap total_s=1.49898
#$1.3397e-17 -1.06673e-17 0
#deg max=25 0.436332
#dp_Δ max=-2e-05
#POWER_PROFILE stage=grid total_s=0.0939239
#POWER_PROFILE stage=bootstrap total_s=1.49235
#deg max=35 0.610865
#dp_Δ max=-2e-06
#POWER_PROFILE stage=grid total_s=0.094019
#POWER_PROFILE stage=bootstrap total_s=1.48606
#deg max=40 0.698132
#dp_Δ max=-5e-07
#POWER_PROFILE stage=grid total_s=0.0946093
#POWER_PROFILE stage=bootstrap total_s=1.47698
#$9.12979e-18 -2.79415e-17 1
#deg max=65 1.13446
#dp_Δ max=-2.75e-06
#POWER_PROFILE stage=grid total_s=0.0939117
#POWER_PROFILE stage=bootstrap total_s=1.48185
#PROFILE segment=0 windows=47 fft_qc_s=0.0782704 pack_s=0.0252761 stack_s=6.14671 fit_s=10.7745 total_s=17.0396
#Segment 2005-Jan-15 0 accepted_windows=47
2005-Jan-15 05:55:44 14932.5 202.025 1 633
2005-Jan-15 06:03:28 15159.3 204.997 1 637
2005-Jan-15 06:11:12 14869.7 199.349 1 635
2005-Jan-15 06:18:56 15446.8 201.921 1 636
2005-Jan-15 06:26:40 15479.7 198.621 1 635
2005-Jan-15 06:34:24 15399.2 209.355 1 637
2005-Jan-15 07:36:16 15344.7 221.62 1 638
2005-Jan-15 07:44:00 15703.9 211.638 1 639
2005-Jan-15 07:51:44 15508.4 197.149 1 636
2005-Jan-15 07:59:28 15454.3 190.857 1 636
2005-Jan-15 08:07:12 15968.7 203.777 1 636
2005-Jan-15 08:14:56 15456.9 186.113 1 635
2005-Jan-15 08:22:40 14900.3 187.358 1 638
2005-Jan-15 08:30:24 14996.5 193.505 1 639
2005-Jan-15 08:38:08 14921.9 185.703 1 638
2005-Jan-15 09:09:04 15082 189.927 1 638
2005-Jan-15 09:16:48 14922.7 186.308 1 637
2005-Jan-15 09:24:32 15441.6 183.924 1 640
2005-Jan-15 09:32:16 15459.2 188.681 1 636
2005-Jan-15 09:40:00 14875.4 180.846 1 637
2005-Jan-15 09:47:44 15162.2 186.416 1 636
2005-Jan-15 09:55:28 15007.6 189.839 1 638
2005-Jan-15 10:03:12 14602.4 184.873 1 639
2005-Jan-15 10:10:56 14894.7 186.682 1 637
2005-Jan-15 10:18:40 14636.2 187.48 1 639
2005-Jan-15 10:26:24 15161.2 187.423 1 639
2005-Jan-15 10:34:08 15051.5 184.164 1 640
2005-Jan-15 10:41:52 14682.8 187.241 1 639
2005-Jan-15 10:49:36 14900.9 189.053 1 636
2005-Jan-15 10:57:20 14870.2 188.039 1 639
2005-Jan-15 11:05:04 15422.5 185.04 1 637
2005-Jan-15 11:12:48 14873.9 192.665 1 637
2005-Jan-15 11:20:32 15019.7 192.811 1 637
2005-Jan-15 11:28:16 15008.5 191.02 1 643
2005-Jan-15 11:36:00 15043 187.82 1 640
2005-Jan-15 11:43:44 14694.8 190.151 1 642
2005-Jan-15 11:51:28 15113.3 190.714 1 641
2005-Jan-15 11:59:12 15015.8 187.453 1 636
#$1.35982e-17 -3.02557e-17 2
#deg max=20 0.349066
#dp_Δ max=-5e-06
#POWER_PROFILE stage=grid total_s=0.0759345
#POWER_PROFILE stage=bootstrap total_s=1.19724
#$1.46087e-17 -1.1537e-17 0
#deg max=25 0.436332
#dp_Δ max=-2.75e-06
#POWER_PROFILE stage=grid total_s=0.0763141
#POWER_PROFILE stage=bootstrap total_s=1.20147
#deg max=30 0.523599
#dp_Δ max=-2e-05
#POWER_PROFILE stage=grid total_s=0.0757995
#POWER_PROFILE stage=bootstrap total_s=1.19287
#$9.43177e-18 -2.94555e-17 1
#deg max=15 0.261799
#dp_Δ max=-7.25e-06
#POWER_PROFILE stage=grid total_s=0.0760291
#POWER_PROFILE stage=bootstrap total_s=1.1981
#PROFILE segment=1 windows=38 fft_qc_s=0.0793058 pack_s=0.021092 stack_s=5.01036 fit_s=7.16444 total_s=12.2772
#Segment 2005-Jan-15 1 accepted_windows=38
2005-Jan-15 11:51:28 15113.3 190.714 1 641
2005-Jan-15 11:59:12 15015.8 187.453 1 636
2005-Jan-15 12:06:56 14786.1 187.757 1 638
2005-Jan-15 12:14:40 15294.6 190.781 1 637
2005-Jan-15 12:22:24 15028.1 184.105 1 637
2005-Jan-15 12:30:08 15067.8 181.26 1 641
2005-Jan-15 12:37:52 15131.8 177.244 1 641
2005-Jan-15 12:45:36 15285.5 183.354 1 643
2005-Jan-15 12:53:20 15070.3 184.984 1 641
2005-Jan-15 13:01:04 14498.8 181.792 1 642
2005-Jan-15 13:08:48 14336.6 185.154 1 638
2005-Jan-15 13:16:32 14768.2 178.562 1 642
2005-Jan-15 13:24:16 14839.3 180.184 1 639
2005-Jan-15 13:32:00 14933.4 177.556 1 642
2005-Jan-15 13:39:44 15070.1 186.163 1 639
2005-Jan-15 13:47:28 14956.9 182.513 1 640
2005-Jan-15 13:55:12 15007.2 189.786 1 645
2005-Jan-15 14:02:56 15159.1 186.634 1 641
2005-Jan-15 14:10:40 15148.7 198.202 1 644
2005-Jan-15 14:18:24 14724.1 187.317 1 642
2005-Jan-15 14:26:08 14958.3 190.11 1 640
2005-Jan-15 14:33:52 15394.5 188.405 1 638
2005-Jan-15 14:41:36 15082.8 179.697 1 638
2005-Jan-15 14:49:20 15172.8 183.235 1 639
2005-Jan-15 14:57:04 15229.7 186.412 1 637
2005-Jan-15 15:04:48 15103.8 185.224 1 637
2005-Jan-15 15:12:32 15158.4 195.898 1 642
2005-Jan-15 15:20:16 15216.7 195.464 1 640
2005-Jan-15 15:28:00 14921.8 208.246 1 633
2005-Jan-15 15:51:12 14800.3 190.365 1 639
2005-Jan-15 15:58:56 15420.8 193.285 1 638
2005-Jan-15 16:06:40 15431.8 184.751 1 640
2005-Jan-15 16:14:24 14964.3 195.081 1 636
2005-Jan-15 16:22:08 15462.1 190.385 1 638
2005-Jan-15 16:29:52 14960 192.233 1 637
2005-Jan-15 16:37:36 15070.4 187.059 1 635
2005-Jan-15 17:39:28 15281.7 206.729 1 633
2005-Jan-15 17:47:12 15363.8 192.389 1 627
2005-Jan-15 17:54:56 15133.2 194.951 1 626
#$1.38689e-17 -3.0795e-17 2
#deg max=20 0.349066
#dp_Δ max=-3.5e-06
#POWER_PROFILE stage=grid total_s=0.0777923
#POWER_PROFILE stage=bootstrap total_s=1.22389
#$1.82373e-17 -1.41625e-17 0
#deg max=20 0.349066
#dp_Δ max=-8e-06
#POWER_PROFILE stage=grid total_s=0.0784278
#POWER_PROFILE stage=bootstrap total_s=1.23807
#$1.18959e-17 -3.38728e-17 1
#deg max=20 0.349066
#dp_Δ max=-2e-06
#POWER_PROFILE stage=grid total_s=0.0778982
#POWER_PROFILE stage=bootstrap total_s=1.22874
#PROFILE segment=2 windows=39 fft_qc_s=0.0796555 pack_s=0.0216275 stack_s=5.1491 fit_s=5.20208 total_s=10.4543
#Segment 2005-Jan-15 2 accepted_windows=39
2005-Jan-15 17:47:12 15363.8 192.389 1 627
2005-Jan-15 17:54:56 15133.2 194.951 1 626
2005-Jan-15 18:02:40 14950.7 201.528 1 627
2005-Jan-15 18:10:24 14624.6 202.267 1 621
2005-Jan-15 18:18:08 15716.1 207.375 1 621
2005-Jan-15 18:25:52 14973 207.129 1 627
2005-Jan-15 18:33:36 15568.9 204.612 1 615
2005-Jan-15 18:41:20 15823.1 203.916 1 614
2005-Jan-15 18:49:04 15630.6 195.3 1 618
2005-Jan-15 18:56:48 15369.1 199.676 1 618
2005-Jan-15 19:04:32 15261.2 202.464 1 611
2005-Jan-15 19:12:16 14978.1 199.301 1 610
2005-Jan-15 19:20:00 15193.2 202.196 1 609
2005-Jan-15 19:27:44 15011.1 203.081 1 606
2005-Jan-15 19:35:28 15506.4 219.611 1 609
2005-Jan-15 19:43:12 15443.3 213.169 1 607
2005-Jan-15 19:50:56 15199.5 210.607 1 606
2005-Jan-15 19:58:40 15201.5 201.925 1 602
2005-Jan-15 20:06:24 15111.7 205.228 1 607
2005-Jan-15 20:14:08 15056.6 208.651 1 609
2005-Jan-15 20:21:52 15206.1 209.404 1 596
2005-Jan-15 20:29:36 15251 207.649 1 600
2005-Jan-15 20:37:20 15402.9 213.085 1 602
2005-Jan-15 20:45:04 15637.4 209.938 1 595
2005-Jan-15 20:52:48 15179.1 209.604 1 602
2005-Jan-15 21:00:32 15496.3 206.162 1 590
2005-Jan-15 21:08:16 15469.8 212.888 1 595
2005-Jan-15 21:16:00 15411.2 219.051 1 596
2005-Jan-15 21:23:44 15764.9 225.763 1 593
2005-Jan-15 21:31:28 16773.3 223.491 1 595
2005-Jan-15 21:39:12 15707.3 231.323 1 598
2005-Jan-15 21:46:56 15572.8 236.084 1 596
2005-Jan-15 21:54:40 15706.5 232.559 1 596
2005-Jan-15 22:02:24 15311 227.467 1 593
2005-Jan-15 22:10:08 15642.2 243.526 1 588
2005-Jan-15 22:17:52 15133.9 245.07 1 593
2005-Jan-15 22:25:36 15054.2 239.046 1 592
2005-Jan-15 22:33:20 15664.9 244.267 1 595
#$4.10166e-17 -5.34546e-17 2
#deg max=20 0.349066
#dp_Δ max=-1.25e-06
#POWER_PROFILE stage=grid total_s=0.0764607
#POWER_PROFILE stage=bootstrap total_s=1.19995
#$3.98893e-17 -2.39777e-17 0
#deg max=20 0.349066
#dp_Δ max=-1.175e-05
#POWER_PROFILE stage=grid total_s=0.0771376
#POWER_PROFILE stage=bootstrap total_s=1.20544
#$3.56373e-17 -6.65421e-17 1
#deg max=10 0.174533
#dp_Δ max=1e-06
#POWER_PROFILE stage=grid total_s=0.0771024
#POWER_PROFILE stage=bootstrap total_s=1.20773
#PROFILE segment=3 windows=38 fft_qc_s=0.063388 pack_s=0.0203496 stack_s=4.77086 fit_s=5.25816 total_s=10.1282
#Segment 2005-Jan-15 3 accepted_windows=38
#Start/Users/knishida/Projects/Autofocusing/repo/build-clang/matrix-audit-20050115-31/input/2005/0116/20050160000.h5 687 53.2224s
#LOAD_PROFILE init_s=0.0414541 read_decode_copy_s=2.97038 filter_s=0.249442 total_s=3.26128
#Read data: load_h5 /Users/knishida/Projects/Autofocusing/repo/build-clang/matrix-audit-20050115-31/input/2005/0116/20050160000.h5 687 56.4881s
2005-Jan-16 01:32:48 15465.4 395.199 1 578
2005-Jan-16 01:40:32 15248.4 404.156 1 577
2005-Jan-16 01:48:16 15523.1 413.658 1 576
2005-Jan-16 01:56:00 15248.8 430.713 1 581
2005-Jan-16 02:03:44 14955.4 438.21 1 576
2005-Jan-16 02:11:28 15282.4 430.231 1 581
2005-Jan-16 02:19:12 15277.5 432.596 1 580
2005-Jan-16 02:26:56 15704.9 436.521 1 578
2005-Jan-16 02:34:40 15181.3 464.15 1 586
2005-Jan-16 02:42:24 15422.7 454.862 1 574
2005-Jan-16 02:50:08 15703.5 448.492 1 581
2005-Jan-16 02:57:52 15693.1 462.286 1 580
2005-Jan-16 03:05:36 15279.8 488.492 1 581
2005-Jan-16 03:13:20 15394.4 499.451 1 579
2005-Jan-16 03:21:04 15297.9 517.563 1 580
2005-Jan-16 03:28:48 15319 508.409 1 578
2005-Jan-16 03:36:32 15823.7 509.369 1 585
2005-Jan-16 03:44:16 15847.2 523.899 1 582
2005-Jan-16 03:52:00 15458.3 489.144 1 581
2005-Jan-16 03:59:44 15529.4 531.329 1 585
2005-Jan-16 04:07:28 15633.4 514.957 1 583
2005-Jan-16 04:15:12 15700.7 544.772 1 585
2005-Jan-16 04:22:56 15522.8 575.191 1 583
2005-Jan-16 04:30:40 15008 577.404 1 586
2005-Jan-16 04:38:24 15154 535.287 1 584
2005-Jan-16 04:46:08 15796.6 596.459 1 586
2005-Jan-16 04:53:52 15243.2 596.057 1 585
2005-Jan-16 05:01:36 15892.9 592.439 1 584
2005-Jan-16 05:09:20 15770.9 627.934 1 588
2005-Jan-16 05:17:04 15133.4 603.296 1 586
2005-Jan-16 05:24:48 15352.3 579.493 1 590
2005-Jan-16 05:32:32 15745.5 641.237 1 588
2005-Jan-16 05:40:16 15139.7 645.575 1 592
2005-Jan-16 05:48:00 15196.4 668.222 1 592
2005-Jan-16 05:55:44 15583.6 655.352 1 591
2005-Jan-16 06:03:28 15628 650.129 1 591
#$1.89315e-16 -1.91288e-16 2
#$1.58133e-16 -1.54589e-16 0
#$1.94955e-16 -2.94571e-16 1
#PROFILE segment=0 windows=36 fft_qc_s=0.064857 pack_s=0.0187995 stack_s=4.33745 fit_s=0.00113508 total_s=4.43768
#Segment 2005-Jan-16 0 accepted_windows=36
2005-Jan-16 05:55:44 15583.6 655.352 1 591
2005-Jan-16 06:03:28 15628 650.129 1 591
2005-Jan-16 06:11:12 15335.6 716.911 1 592
2005-Jan-16 06:18:56 15569.9 692.472 1 592
2005-Jan-16 06:26:40 14975.6 694.447 1 591
2005-Jan-16 06:34:24 14824.4 682.1 1 589
2005-Jan-16 06:42:08 15500.7 691.773 1 595
2005-Jan-16 06:49:52 15887.9 739.389 1 595
2005-Jan-16 06:57:36 15378.8 726.146 1 592
2005-Jan-16 07:05:20 15310 737.27 1 589
2005-Jan-16 07:13:04 15492.1 726.437 1 594
2005-Jan-16 07:20:48 15109.5 754.986 1 589
2005-Jan-16 07:28:32 15522.5 769.56 1 594
2005-Jan-16 07:36:16 15292.2 748.292 1 594
2005-Jan-16 07:44:00 15873.8 778.177 1 591
2005-Jan-16 07:59:28 15576.4 806.75 1 593
2005-Jan-16 08:07:12 15415.8 814.583 1 591
2005-Jan-16 08:14:56 15154.1 824.368 1 593
2005-Jan-16 08:22:40 15387.4 894.375 1 593
2005-Jan-16 08:30:24 15425.8 899.243 1 595
2005-Jan-16 08:38:08 15716 825.278 1 599
2005-Jan-16 09:09:04 14942.3 852.414 1 600
2005-Jan-16 09:16:48 16159 890.791 1 599
2005-Jan-16 09:24:32 15204 975.022 1 601
2005-Jan-16 09:32:16 15690.2 950.022 1 597
2005-Jan-16 09:40:00 15216.3 971.209 1 601
2005-Jan-16 09:47:44 15017 986.699 1 601
2005-Jan-16 09:55:28 15789.6 1020.76 1 604
2005-Jan-16 10:03:12 15187.3 1065.21 1 611
2005-Jan-16 10:10:56 15276.4 1058.63 1 603
2005-Jan-16 10:18:40 15119.8 1034 1 608
2005-Jan-16 10:26:24 15695.4 1069.46 1 606
2005-Jan-16 10:34:08 15718.3 1110.87 1 611
2005-Jan-16 10:41:52 15320 1211.13 1 609
2005-Jan-16 10:49:36 15195.7 1170.46 1 611
2005-Jan-16 10:57:20 15248.7 1253.68 1 608
2005-Jan-16 11:12:48 15354 1543.83 1 607
2005-Jan-16 11:20:32 15466.8 1416.88 1 605
2005-Jan-16 11:28:16 15093.8 1517.3 1 606
2005-Jan-16 11:36:00 14840.3 1464.73 1 606
2005-Jan-16 11:51:28 15605.4 1628.78 1 607
2005-Jan-16 11:59:12 15140.2 1585.82 1 607
#$3.45176e-16 -3.67468e-16 2
#$3.20593e-16 -3.80651e-16 0
#$4.06958e-16 -5.99186e-16 1
#PROFILE segment=1 windows=42 fft_qc_s=0.0784834 pack_s=0.0224225 stack_s=5.20456 fit_s=0.00112229 total_s=5.30854
#Segment 2005-Jan-16 1 accepted_windows=42
2005-Jan-16 11:51:28 15605.4 1628.78 1 607
2005-Jan-16 11:59:12 15140.2 1585.82 1 607
2005-Jan-16 12:06:56 15487.3 1608.44 1 607
2005-Jan-16 12:14:40 15449.6 1697.72 1 610
2005-Jan-16 12:22:24 15321.8 1849.6 1 615
2005-Jan-16 12:30:08 15248.5 1910.89 1 611
2005-Jan-16 12:37:52 15387.5 2093.22 1 613
2005-Jan-16 12:45:36 15370.4 2157.36 1 613
2005-Jan-16 12:53:20 14676.8 2083.73 1 613
2005-Jan-16 13:01:04 15319.5 2124.94 1 614
2005-Jan-16 13:08:48 15660.5 2206.87 1 610
2005-Jan-16 13:16:32 15354.9 2401.02 1 614
2005-Jan-16 13:39:44 14538.3 2517.33 1 612
2005-Jan-16 13:47:28 15039.6 2624.06 1 614
2005-Jan-16 13:55:12 15511.6 2525.63 1 616
2005-Jan-16 14:10:40 15534.8 3066.72 1 618
2005-Jan-16 14:18:24 15209 2969.27 1 617
2005-Jan-16 14:33:52 15518.1 3200.99 1 610
2005-Jan-16 14:41:36 15449 3526.05 1 618
2005-Jan-16 14:49:20 15498.9 3435.17 1 621
2005-Jan-16 14:57:04 15185.4 3591.35 1 618
2005-Jan-16 15:04:48 15523 3837.65 1 615
2005-Jan-16 15:12:32 16023.9 3873.32 1 613
2005-Jan-16 15:20:16 15438.9 4109.15 1 616
2005-Jan-16 15:28:00 15206.2 4048.13 1 617
2005-Jan-16 15:35:44 15439.2 3965.25 1 618
2005-Jan-16 15:51:12 15824.9 4920.76 1 614
2005-Jan-16 15:58:56 15057.1 5187.64 1 611
2005-Jan-16 16:06:40 15346.2 4689.08 1 617
2005-Jan-16 16:14:24 15756.9 4816.11 1 616
2005-Jan-16 16:22:08 15442.5 5366.36 1 616
2005-Jan-16 16:29:52 15913.6 5190.53 1 611
2005-Jan-16 16:37:36 15828.4 4919 1 619
2005-Jan-16 16:45:20 15441.8 5108.84 1 620
2005-Jan-16 16:53:04 15409.4 5466.72 1 618
2005-Jan-16 17:00:48 15336.1 5712.33 1 613
2005-Jan-16 17:08:32 15465.1 6278.68 1 607
#$1.13697e-15 -1.79192e-15 2
#$1.17893e-15 -2.04228e-15 0
#$1.26747e-15 -2.19096e-15 1
#PROFILE segment=2 windows=37 fft_qc_s=0.0679072 pack_s=0.019752 stack_s=4.69023 fit_s=0.00114254 total_s=4.78098
#Segment 2005-Jan-16 2 accepted_windows=37
2005-Jan-16 20:06:24 16348.1 8174.74 1 613
2005-Jan-16 20:14:08 15815.8 8165.4 1 616
2005-Jan-16 20:29:36 15975.7 8015.5 1 614
2005-Jan-16 20:37:20 15687.3 7550.96 1 615
2005-Jan-16 20:45:04 15380.6 7943.14 1 614
2005-Jan-16 20:52:48 15137.2 8032.9 1 612
2005-Jan-16 21:00:32 15579.8 8030.64 1 614
2005-Jan-16 21:08:16 15268.1 8158.31 1 614
2005-Jan-16 21:16:00 15280.1 8079.62 1 613
2005-Jan-16 21:23:44 15473.9 8354.26 1 614
2005-Jan-16 21:31:28 15379 7785.6 1 615
2005-Jan-16 21:39:12 15375.7 8222.89 1 613
2005-Jan-16 21:46:56 15584.9 8197.72 1 616
2005-Jan-16 21:54:40 15877.6 8536.72 1 614
2005-Jan-16 22:02:24 15520.2 8605.63 1 614
2005-Jan-16 22:10:08 15766.1 8827.58 1 614
2005-Jan-16 22:17:52 15750.1 8857.92 1 611
2005-Jan-16 22:25:36 15596.3 8306.14 1 610
2005-Jan-16 22:33:20 15627.9 8706.33 1 610
2005-Jan-16 22:41:04 15544 8877.35 1 609
2005-Jan-16 22:48:48 15745.9 8799.04 1 613
2005-Jan-16 22:56:32 15434.8 8288.33 1 612
2005-Jan-16 23:04:16 15651 8238.69 1 614
2005-Jan-16 23:12:00 15886.1 8297.63 1 615
2005-Jan-16 23:19:44 15100.1 9196.28 1 619
2005-Jan-16 23:27:28 15347.6 9208.96 1 616
2005-Jan-16 23:35:12 15694.5 9012.76 1 618
#$1.41998e-15 -2.93986e-15 2
#$1.29514e-15 -2.00094e-15 0
#$1.3739e-15 -3.12764e-15 1
#PROFILE segment=3 windows=27 fft_qc_s=0.048837 pack_s=0.0143596 stack_s=3.4214 fit_s=0.00111071 total_s=3.5015
#Segment 2005-Jan-16 3 accepted_windows=27
#Start/Users/knishida/Projects/Autofocusing/repo/build-clang/matrix-audit-20050115-31/input/2005/0117/20050170000.h5 687 74.5204s
#LOAD_PROFILE init_s=0.0413484 read_decode_copy_s=2.87626 filter_s=0.249773 total_s=3.16738
#Read data: load_h5 /Users/knishida/Projects/Autofocusing/repo/build-clang/matrix-audit-20050115-31/input/2005/0117/20050170000.h5 687 77.6919s
2005-Jan-17 00:00:00 15962.3 9893.75 1 637
2005-Jan-17 00:07:44 15746.2 9745.49 1 635
2005-Jan-17 00:15:28 15493.5 10342.3 1 635
2005-Jan-17 00:23:12 15542.4 10059.7 1 640
2005-Jan-17 00:30:56 16006.6 9947.36 1 640
2005-Jan-17 00:38:40 15945.7 9704.78 1 646
2005-Jan-17 00:46:24 15476 10807.6 1 642
2005-Jan-17 00:54:08 15610.8 10209.7 1 638
2005-Jan-17 01:01:52 15529.8 10286.4 1 643
2005-Jan-17 01:09:36 15729.1 10228 1 641
2005-Jan-17 01:17:20 15728.2 10882.6 1 639
2005-Jan-17 01:25:04 15244.6 11255.7 1 644
2005-Jan-17 01:32:48 15342.6 10782 1 645
2005-Jan-17 01:40:32 15408.1 11093.1 1 642
2005-Jan-17 01:48:16 15229.3 11403.4 1 644
2005-Jan-17 01:56:00 15388.5 11810.4 1 640
2005-Jan-17 02:03:44 15213 11585.8 1 645
2005-Jan-17 02:11:28 15272 11979.4 1 650
2005-Jan-17 02:19:12 15605.2 11940.9 1 644
2005-Jan-17 02:26:56 16081.2 11125 1 647
2005-Jan-17 02:34:40 15788 11007 1 648
2005-Jan-17 02:42:24 15189.3 11958.6 1 648
2005-Jan-17 02:50:08 15981.4 12193.6 1 648
2005-Jan-17 02:57:52 15557.8 11860.6 1 648
2005-Jan-17 03:05:36 16371.3 11444.7 1 647
2005-Jan-17 03:13:20 15534.1 11719.8 1 650
2005-Jan-17 03:21:04 15556.3 12127.6 1 646
2005-Jan-17 03:28:48 15471.1 11765.6 1 645
2005-Jan-17 03:36:32 15530.8 11455.6 1 645
2005-Jan-17 03:44:16 15780.4 11872.7 1 650
2005-Jan-17 03:52:00 15313.8 11565.2 1 649
2005-Jan-17 03:59:44 15804.3 11468.6 1 647
2005-Jan-17 04:07:28 15748 11470.4 1 649
2005-Jan-17 04:15:12 15284.1 10999.5 1 646
2005-Jan-17 04:22:56 15365.9 11047.1 1 646
2005-Jan-17 04:30:40 15088.7 11388.4 1 646
2005-Jan-17 04:38:24 16126.3 10818.6 1 643
2005-Jan-17 04:46:08 15814.1 10789.6 1 646
2005-Jan-17 04:53:52 15958.4 11285.5 1 645
2005-Jan-17 05:01:36 15536.6 10316.7 1 648
#$1.28599e-15 -2.49701e-15 2
#$1.09057e-15 -1.50063e-15 0
#$1.30734e-15 -2.88592e-15 1
#PROFILE segment=0 windows=40 fft_qc_s=0.0648963 pack_s=0.0219523 stack_s=5.3218 fit_s=0.00116679 total_s=5.41164
#Segment 2005-Jan-17 0 accepted_windows=40
2005-Jan-17 08:38:08 17588.9 7689.01 1 644
2005-Jan-17 09:09:04 14747.6 7519.34 1 644
2005-Jan-17 09:16:48 15690.8 7499.42 1 642
2005-Jan-17 09:24:32 15172.4 7184.84 1 640
2005-Jan-17 09:32:16 15251.4 7009.75 1 641
2005-Jan-17 09:40:00 14327.2 6375.39 1 639
2005-Jan-17 09:47:44 14948.4 6509.71 1 641
2005-Jan-17 09:55:28 15623.1 6464.83 1 641
2005-Jan-17 10:03:12 15201.5 6409.39 1 643
2005-Jan-17 10:10:56 14827 6545.07 1 640
2005-Jan-17 10:18:40 15301 6078.75 1 640
2005-Jan-17 10:26:24 15075.9 6611.18 1 643
2005-Jan-17 10:34:08 15134.3 6273.35 1 642
2005-Jan-17 10:41:52 14939.2 6356.35 1 640
2005-Jan-17 10:49:36 14710 5914.53 1 643
2005-Jan-17 10:57:20 15422.9 5935.01 1 640
2005-Jan-17 11:05:04 15477.5 5866.98 1 638
2005-Jan-17 11:12:48 15119.7 6063.61 1 644
2005-Jan-17 11:20:32 15288.6 5753.17 1 644
2005-Jan-17 11:28:16 14886.9 5655.12 1 643
2005-Jan-17 11:36:00 15295 5514.24 1 642
2005-Jan-17 11:43:44 15492.2 5457.27 1 641
2005-Jan-17 11:51:28 14989.4 5477.6 1 642
2005-Jan-17 11:59:12 15748 5677.24 1 641
#$1.18985e-15 -2.04121e-15 2
#$1.00563e-15 -1.24046e-15 0
#$1.02369e-15 -2.13142e-15 1
#PROFILE segment=1 windows=24 fft_qc_s=0.0476503 pack_s=0.0132792 stack_s=3.19626 fit_s=0.00114117 total_s=3.26027
#Segment 2005-Jan-17 1 accepted_windows=24
2005-Jan-17 11:51:28 14989.4 5477.6 1 642
2005-Jan-17 11:59:12 15748 5677.24 1 641
2005-Jan-17 12:06:56 15696 6010.11 1 642
2005-Jan-17 12:14:40 15663.8 5708.98 1 637
2005-Jan-17 12:22:24 15302.3 5285.41 1 641
2005-Jan-17 12:30:08 15255.9 5298.04 1 641
2005-Jan-17 12:37:52 15364.4 5273.4 1 641
2005-Jan-17 12:45:36 15178.9 4993.94 1 641
2005-Jan-17 12:53:20 14930.4 5199.42 1 644
2005-Jan-17 13:01:04 15219 5109.24 1 641
2005-Jan-17 13:08:48 15266.7 5034.56 1 642
2005-Jan-17 13:16:32 15663.4 5020.67 1 639
2005-Jan-17 13:24:16 15248.6 4784.27 1 637
2005-Jan-17 13:32:00 14991.5 4924.59 1 641
2005-Jan-17 13:39:44 14539.2 4542.23 1 644
2005-Jan-17 13:47:28 15298.5 4777.78 1 641
2005-Jan-17 13:55:12 15321 4611.7 1 639
2005-Jan-17 14:02:56 15386.2 4423.08 1 636
2005-Jan-17 14:10:40 14791.6 4762.99 1 635
2005-Jan-17 14:18:24 15432.2 4482.5 1 637
2005-Jan-17 14:26:08 15285.2 4474.98 1 631
2005-Jan-17 14:33:52 15014.1 4421.44 1 639
2005-Jan-17 14:41:36 15820.4 4507.6 1 636
2005-Jan-17 14:49:20 17583.1 4265.04 1 637
2005-Jan-17 14:57:04 15874.7 4333.99 1 635
2005-Jan-17 15:04:48 15479.6 4290.15 1 640
2005-Jan-17 15:12:32 15612.2 4101.32 1 641
2005-Jan-17 15:20:16 14566.2 3915.63 1 633
2005-Jan-17 15:28:00 14477.3 3955.82 1 638
2005-Jan-17 15:35:44 15453.2 4408.07 1 637
2005-Jan-17 15:43:28 15427 4189.71 1 638
2005-Jan-17 15:51:12 15297.3 4071.04 1 636
2005-Jan-17 15:58:56 15239.8 4033.14 1 636
2005-Jan-17 16:06:40 15758.9 4129.5 1 634
2005-Jan-17 16:14:24 14708.4 4013.69 1 637
2005-Jan-17 16:22:08 15113.8 3929.56 1 637
2005-Jan-17 16:29:52 15039.1 3795.53 1 633
2005-Jan-17 16:37:36 14959.1 3607.93 1 633
2005-Jan-17 16:45:20 15468 3821.36 1 638
2005-Jan-17 16:53:04 15190.7 3975.55 1 635
2005-Jan-17 17:00:48 14850.7 3754.87 1 634
2005-Jan-17 17:08:32 15245 3882.04 1 636
2005-Jan-17 17:16:16 15327.4 3783.55 1 635
2005-Jan-17 17:24:00 14981 3590.22 1 634
2005-Jan-17 17:31:44 15386.4 3485 1 638
2005-Jan-17 17:39:28 15733.5 3616.54 1 631
2005-Jan-17 17:47:12 15129.8 3637.81 1 635
2005-Jan-17 17:54:56 15087.3 3453.4 1 635
#$8.95264e-16 -1.53285e-15 2
#$7.49582e-16 -8.99481e-16 0
#$7.63657e-16 -1.59028e-15 1
#PROFILE segment=2 windows=48 fft_qc_s=0.078585 pack_s=0.0261112 stack_s=6.33847 fit_s=0.0011035 total_s=6.44623
#Segment 2005-Jan-17 2 accepted_windows=48
2005-Jan-17 17:47:12 15129.8 3637.81 1 635
2005-Jan-17 17:54:56 15087.3 3453.4 1 635
2005-Jan-17 18:02:40 15379.2 3420.16 1 630
2005-Jan-17 18:10:24 15606.2 3353.45 1 629
2005-Jan-17 18:18:08 15259.2 3258.52 1 632
2005-Jan-17 18:25:52 15190.8 3199.04 1 631
2005-Jan-17 18:33:36 15755.2 3418.93 1 632
2005-Jan-17 18:41:20 15227.3 3262.1 1 632
2005-Jan-17 18:49:04 15897.1 3417.46 1 633
2005-Jan-17 18:56:48 15891.9 3441.7 1 633
2005-Jan-17 19:04:32 15980.9 3303.87 1 629
2005-Jan-17 19:12:16 15567.9 3263.4 1 633
2005-Jan-17 19:20:00 15690.3 3191.97 1 629
2005-Jan-17 19:27:44 15912.3 3389.67 1 630
2005-Jan-17 19:35:28 15893.4 3188.85 1 630
2005-Jan-17 22:17:52 15240.8 2702.36 1 632
2005-Jan-17 22:25:36 14897.6 2534 1 630
2005-Jan-17 22:33:20 14880 2450.8 1 631
2005-Jan-17 22:41:04 15267 2217.79 1 630
2005-Jan-17 22:48:48 15402 2181.09 1 630
2005-Jan-17 22:56:32 15674.6 2309.58 1 633
2005-Jan-17 23:04:16 15433.6 2433.52 1 632
2005-Jan-17 23:12:00 15056.8 2208.11 1 631
2005-Jan-17 23:19:44 14789.3 2335.15 1 633
2005-Jan-17 23:27:28 15393.3 2121.84 1 631
2005-Jan-17 23:35:12 14964.5 2192.19 1 632
#$6.76825e-16 -1.13919e-15 2
#$5.67013e-16 -7.20855e-16 0
#$5.57544e-16 -1.13447e-15 1
#PROFILE segment=3 windows=26 fft_qc_s=0.0441743 pack_s=0.0140931 stack_s=3.38657 fit_s=0.00113904 total_s=3.46148
#Segment 2005-Jan-17 3 accepted_windows=26
#Start/Users/knishida/Projects/Autofocusing/repo/build-clang/matrix-audit-20050115-31/input/2005/0118/20050180000.h5 687 96.2749s
#LOAD_PROFILE init_s=0.0402232 read_decode_copy_s=3.02655 filter_s=0.248872 total_s=3.31565
#Read data: load_h5 /Users/knishida/Projects/Autofocusing/repo/build-clang/matrix-audit-20050115-31/input/2005/0118/20050180000.h5 685 99.5947s
2005-Jan-18 00:00:00 15973.9 2054.01 1 630
2005-Jan-18 00:07:44 16222.6 2112.44 1 630
2005-Jan-18 00:15:28 15085.8 2030.94 1 631
2005-Jan-18 00:23:12 15582.4 2103.35 1 631
2005-Jan-18 00:30:56 15695.2 2078.44 1 632
2005-Jan-18 00:38:40 15063 2116.98 1 634
2005-Jan-18 00:46:24 14599.5 2059.37 1 630
2005-Jan-18 00:54:08 15360.2 2079.65 1 630
2005-Jan-18 01:01:52 15407.8 2022.6 1 633
2005-Jan-18 01:09:36 15862.3 2055.49 1 631
2005-Jan-18 01:17:20 15589.1 2001.92 1 631
2005-Jan-18 01:25:04 15092.4 2000.18 1 634
2005-Jan-18 01:32:48 15661.8 1949.54 1 630
2005-Jan-18 01:40:32 15652 1913.57 1 629
2005-Jan-18 01:48:16 15317.8 1845.95 1 631
2005-Jan-18 01:56:00 15474.3 1905.51 1 635
2005-Jan-18 02:03:44 15390.3 1758.55 1 631
2005-Jan-18 02:11:28 15106.5 1722.04 1 634
2005-Jan-18 02:19:12 14995.8 1678.41 1 630
2005-Jan-18 02:26:56 15525.6 1736.22 1 632
2005-Jan-18 02:34:40 15882.9 1689.19 1 629
2005-Jan-18 02:42:24 15647.9 1738.75 1 635
2005-Jan-18 02:50:08 15233.9 1757.18 1 633
2005-Jan-18 02:57:52 15128 1737.63 1 632
2005-Jan-18 03:05:36 15204.6 1637.78 1 632
2005-Jan-18 03:13:20 15437 1585.29 1 633
2005-Jan-18 03:21:04 15522.6 1576.21 1 631
2005-Jan-18 03:28:48 15428.6 1642.68 1 630
2005-Jan-18 03:36:32 15295.9 1577.15 1 632
2005-Jan-18 03:44:16 15145.4 1665.22 1 636
2005-Jan-18 03:52:00 15261.4 1561.77 1 631
2005-Jan-18 03:59:44 15799.7 1570.71 1 632
2005-Jan-18 04:07:28 15826.1 1513.4 1 632
2005-Jan-18 04:15:12 15608.1 1496.07 1 634
2005-Jan-18 04:22:56 15859.6 1462.13 1 633
2005-Jan-18 04:30:40 15076.8 1372.97 1 629
2005-Jan-18 04:38:24 15283.4 1379.4 1 634
2005-Jan-18 04:46:08 15663.3 1416.98 1 631
2005-Jan-18 04:53:52 14932.1 1417.75 1 633
2005-Jan-18 05:01:36 15550.1 1440.85 1 633
2005-Jan-18 05:09:20 15215.8 1442.28 1 633
2005-Jan-18 05:17:04 15420.1 1340.5 1 635
2005-Jan-18 05:24:48 15502 1406.49 1 631
2005-Jan-18 05:32:32 16002 1347.05 1 631
2005-Jan-18 05:40:16 15712.2 1363.62 1 631
2005-Jan-18 05:48:00 15391.4 1321.73 1 632
2005-Jan-18 05:55:44 15592 1248.61 1 632
2005-Jan-18 06:03:28 15027.4 1279.31 1 633
#$3.78698e-16 -6.35206e-16 2
#$2.80531e-16 -3.62362e-16 0
#$2.89467e-16 -6.2652e-16 1
#PROFILE segment=0 windows=48 fft_qc_s=0.0788018 pack_s=0.0260784 stack_s=6.292 fit_s=0.00114858 total_s=6.39995
#Segment 2005-Jan-18 0 accepted_windows=48
2005-Jan-18 05:55:44 15592 1248.61 1 632
2005-Jan-18 06:03:28 15027.4 1279.31 1 633
2005-Jan-18 06:11:12 14984.3 1345 1 633
2005-Jan-18 06:18:56 14757.1 1276.4 1 633
2005-Jan-18 06:26:40 15202.5 1311.52 1 630
2005-Jan-18 06:34:24 14443.9 1293.59 1 629
2005-Jan-18 06:42:08 15400.3 1291.83 1 631
2005-Jan-18 06:49:52 15654.9 1187.42 1 632
2005-Jan-18 06:57:36 15302.2 1186.35 1 635
2005-Jan-18 07:05:20 15703.3 1192.77 1 633
2005-Jan-18 07:13:04 15449.9 1133.07 1 632
2005-Jan-18 07:20:48 15486.7 1155.02 1 632
2005-Jan-18 07:28:32 15326.9 1214.75 1 631
2005-Jan-18 07:36:16 15442.2 1149.5 1 630
2005-Jan-18 07:44:00 15480.9 1146.4 1 631
2005-Jan-18 07:51:44 15403.3 1146.43 1 632
2005-Jan-18 07:59:28 14887.9 1145.5 1 635
2005-Jan-18 08:07:12 14860.7 1120.82 1 635
2005-Jan-18 08:14:56 15225.7 1109.27 1 633
2005-Jan-18 08:22:40 15523.8 1092.25 1 633
2005-Jan-18 08:30:24 15637.9 1070.39 1 632
2005-Jan-18 08:38:08 14927.2 1099.52 1 632
2005-Jan-18 09:16:48 15226 1019.48 1 630
2005-Jan-18 09:24:32 15503.5 982.162 1 631
2005-Jan-18 09:32:16 15419.8 991.362 1 632
2005-Jan-18 09:40:00 15579.8 1044.61 1 632
2005-Jan-18 09:47:44 15747.6 1022.11 1 628
2005-Jan-18 09:55:28 15660.5 1031.69 1 627
2005-Jan-18 10:03:12 14963.3 1009.17 1 625
2005-Jan-18 10:10:56 15922.9 1017.52 1 629
2005-Jan-18 10:18:40 15784.8 986.843 1 628
2005-Jan-18 10:26:24 15536.1 1013.9 1 629
2005-Jan-18 10:34:08 15084.4 967.59 1 632
2005-Jan-18 10:41:52 15422.6 915.2 1 629
2005-Jan-18 10:49:36 15143.1 957.309 1 630
2005-Jan-18 10:57:20 14954.7 959.854 1 629
2005-Jan-18 11:05:04 14747.1 907.511 1 631
2005-Jan-18 11:12:48 14925.2 922.806 1 631
2005-Jan-18 11:20:32 14972.2 918.48 1 630
2005-Jan-18 11:28:16 15262.7 926.074 1 629
2005-Jan-18 11:36:00 15188.8 895.301 1 632
2005-Jan-18 11:43:44 14999.3 914.048 1 633
2005-Jan-18 11:51:28 15697.9 871.03 1 630
2005-Jan-18 11:59:12 16741.4 855.863 1 629
#$2.29362e-16 -3.89942e-16 2
#deg max=120 2.0944
#dp_Δ max=-2.75e-06
#POWER_PROFILE stage=grid total_s=0.0877168
#POWER_PROFILE stage=bootstrap total_s=1.36795
#$1.83167e-16 -2.38962e-16 0
#deg max=5 0.0872665
#dp_Δ max=9.25e-06
#POWER_PROFILE stage=grid total_s=0.0874158
#POWER_PROFILE stage=bootstrap total_s=1.37294
#$1.98297e-16 -4.0429e-16 1
#deg max=150 2.61799
#dp_Δ max=1e-06
#POWER_PROFILE stage=grid total_s=0.0888168
#POWER_PROFILE stage=bootstrap total_s=1.37006
#PROFILE segment=1 windows=44 fft_qc_s=0.0782927 pack_s=0.0236056 stack_s=5.73875 fit_s=5.77981 total_s=11.6224
#Segment 2005-Jan-18 1 accepted_windows=44
2005-Jan-18 11:51:28 15697.9 871.03 1 630
2005-Jan-18 11:59:12 16741.4 855.863 1 629
2005-Jan-18 12:06:56 15665.1 820.345 1 629
2005-Jan-18 12:14:40 15316 843.453 1 628
2005-Jan-18 12:22:24 15797 867.527 1 629
2005-Jan-18 12:30:08 16119 856.29 1 631
2005-Jan-18 12:37:52 15034.8 816.729 1 629
2005-Jan-18 12:45:36 15681 785.686 1 631
2005-Jan-18 12:53:20 15149.5 781.13 1 629
2005-Jan-18 13:01:04 14781.5 759.281 1 628
2005-Jan-18 13:08:48 14886.9 726.257 1 629
2005-Jan-18 13:16:32 15530 719.17 1 630
2005-Jan-18 13:24:16 14909.4 771.025 1 628
2005-Jan-18 13:32:00 15499 766.613 1 627
2005-Jan-18 13:39:44 15228.8 752.709 1 631
2005-Jan-18 13:47:28 15342.5 750.625 1 629
2005-Jan-18 13:55:12 15213.5 758.716 1 629
2005-Jan-18 14:02:56 15139.7 740.329 1 622
2005-Jan-18 14:10:40 15184 690.178 1 624
2005-Jan-18 14:18:24 15324 698.181 1 625
2005-Jan-18 14:26:08 15142.3 707.858 1 624
2005-Jan-18 14:33:52 15035.8 734.123 1 621
2005-Jan-18 14:41:36 14832.8 749.235 1 624
2005-Jan-18 14:49:20 15952.8 728.524 1 629
2005-Jan-18 14:57:04 16152.2 682.232 1 629
2005-Jan-18 15:04:48 15501.7 673.267 1 629
2005-Jan-18 15:12:32 15407.1 670.647 1 629
2005-Jan-18 15:20:16 15130.9 666.286 1 628
2005-Jan-18 15:28:00 15154.9 682.264 1 632
2005-Jan-18 15:35:44 15054.6 637.064 1 633
2005-Jan-18 15:43:28 15166.9 663.506 1 630
2005-Jan-18 15:51:12 15414.9 622.47 1 632
2005-Jan-18 15:58:56 15193.9 636.527 1 632
2005-Jan-18 16:06:40 14995.6 649.53 1 632
2005-Jan-18 16:14:24 15597.5 631.786 1 633
2005-Jan-18 16:22:08 14997.3 623.391 1 630
2005-Jan-18 16:29:52 14969 601.144 1 633
2005-Jan-18 16:37:36 17297.9 602.415 1 634
2005-Jan-18 16:45:20 19046.2 588.93 1 632
2005-Jan-18 16:53:04 16373.3 542.085 1 634
2005-Jan-18 17:00:48 16382.6 567.122 1 631
2005-Jan-18 17:08:32 15123.3 581.083 1 631
2005-Jan-18 17:16:16 14866.2 577.617 1 631
2005-Jan-18 17:24:00 15109.7 568.388 1 631
2005-Jan-18 17:31:44 14617.1 539.888 1 631
2005-Jan-18 17:39:28 15473.9 535.573 1 631
2005-Jan-18 17:47:12 15480.8 533.056 1 627
2005-Jan-18 17:54:56 15499.6 539.107 1 633
#$1.2736e-16 -2.20862e-16 2
#deg max=120 2.0944
#dp_Δ max=-2.75e-06
#POWER_PROFILE stage=grid total_s=0.0956447
#POWER_PROFILE stage=bootstrap total_s=1.49458
#$1.14068e-16 -1.43369e-16 0
#deg max=40 0.698132
#dp_Δ max=-5e-07
#POWER_PROFILE stage=grid total_s=0.0956661
#POWER_PROFILE stage=bootstrap total_s=1.49341
#$1.19538e-16 -2.44266e-16 1
#deg max=145 2.53073
#dp_Δ max=1.75e-06
#POWER_PROFILE stage=grid total_s=0.095572
#POWER_PROFILE stage=bootstrap total_s=1.49222
#PROFILE segment=2 windows=48 fft_qc_s=0.0793911 pack_s=0.0256513 stack_s=6.25306 fit_s=5.86451 total_s=12.2245
#Segment 2005-Jan-18 2 accepted_windows=48
2005-Jan-18 17:47:12 15480.8 533.056 1 627
2005-Jan-18 17:54:56 15499.6 539.107 1 633
2005-Jan-18 18:02:40 15187.9 572.404 1 634
2005-Jan-18 18:10:24 14986 541.723 1 632
2005-Jan-18 18:18:08 15863.3 530.75 1 633
2005-Jan-18 18:25:52 15471.8 543.157 1 632
2005-Jan-18 18:33:36 15896.8 518.504 1 629
2005-Jan-18 18:41:20 15246.7 513.436 1 632
2005-Jan-18 18:49:04 14869.2 506.457 1 629
2005-Jan-18 18:56:48 15016.5 485.314 1 630
2005-Jan-18 19:04:32 15700.1 495.154 1 630
2005-Jan-18 19:12:16 15025.2 503.804 1 631
2005-Jan-18 19:20:00 14949.3 480.948 1 631
2005-Jan-18 19:27:44 15631.9 497.498 1 631
2005-Jan-18 19:35:28 15218.4 484.966 1 632
2005-Jan-18 19:43:12 15047.2 448.155 1 629
2005-Jan-18 19:50:56 15778.4 467.928 1 631
2005-Jan-18 19:58:40 15860.8 463.118 1 633
2005-Jan-18 20:06:24 15052.7 472.073 1 629
2005-Jan-18 20:14:08 15397.1 458.782 1 631
2005-Jan-18 20:21:52 15208 463.829 1 629
2005-Jan-18 20:29:36 15664.3 460.331 1 629
2005-Jan-18 20:37:20 14860.7 470.009 1 631
2005-Jan-18 20:45:04 15313.2 463.716 1 626
2005-Jan-18 20:52:48 15628.4 453.084 1 628
2005-Jan-18 21:00:32 14933 436.019 1 629
2005-Jan-18 21:08:16 15241.1 438.343 1 630
2005-Jan-18 21:16:00 15092.6 446.473 1 628
2005-Jan-18 21:23:44 15521.4 401.039 1 628
2005-Jan-18 21:31:28 15936.5 441.133 1 631
2005-Jan-18 22:10:08 15101.8 435.959 1 630
2005-Jan-18 22:17:52 15709.2 424.949 1 628
2005-Jan-18 22:25:36 15547.7 430.791 1 629
2005-Jan-18 22:33:20 15453.5 414.06 1 628
2005-Jan-18 22:41:04 15624.2 406.142 1 627
2005-Jan-18 22:48:48 15091.7 417.997 1 626
#$8.54228e-17 -1.3996e-16 2
#deg max=80 1.39626
#dp_Δ max=4e-06
#POWER_PROFILE stage=grid total_s=0.0719436
#POWER_PROFILE stage=bootstrap total_s=1.12013
#$7.66448e-17 -8.81018e-17 0
#deg max=130 2.26893
#dp_Δ max=-1.7e-05
#POWER_PROFILE stage=grid total_s=0.0727239
#POWER_PROFILE stage=bootstrap total_s=1.11854
#$7.96048e-17 -1.57681e-16 1
#deg max=25 0.436332
#dp_Δ max=1.75e-06
#POWER_PROFILE stage=grid total_s=0.0716721
#POWER_PROFILE stage=bootstrap total_s=1.11729
#PROFILE segment=3 windows=36 fft_qc_s=0.0657919 pack_s=0.0191852 stack_s=4.68008 fit_s=5.04407 total_s=9.81097
#Segment 2005-Jan-18 3 accepted_windows=36
#Start/Users/knishida/Projects/Autofocusing/repo/build-clang/matrix-audit-20050115-31/input/2005/0119/20050190000.h5 685 139.657s
#LOAD_PROFILE init_s=0.0396165 read_decode_copy_s=2.95583 filter_s=0.247534 total_s=3.24298
#Read data: load_h5 /Users/knishida/Projects/Autofocusing/repo/build-clang/matrix-audit-20050115-31/input/2005/0119/20050190000.h5 685 142.904s
2005-Jan-19 01:48:16 15047.3 372.231 1 616
2005-Jan-19 01:56:00 15262.7 364.59 1 616
2005-Jan-19 02:03:44 15049.7 377.966 1 616
2005-Jan-19 02:11:28 15634.3 354.887 1 618
2005-Jan-19 02:19:12 14888.4 341.057 1 617
2005-Jan-19 02:26:56 15233.3 357.651 1 615
2005-Jan-19 02:34:40 15034.7 360.746 1 617
2005-Jan-19 02:42:24 15002.4 346.738 1 615
2005-Jan-19 02:50:08 15582.5 354.432 1 619
2005-Jan-19 02:57:52 15712.9 373.224 1 619
2005-Jan-19 03:05:36 15463.2 340.382 1 618
2005-Jan-19 03:13:20 15305.1 335.218 1 614
2005-Jan-19 03:21:04 15998.4 347.324 1 615
2005-Jan-19 03:28:48 15427.4 327.915 1 616
2005-Jan-19 03:36:32 15449.1 339.814 1 617
2005-Jan-19 03:44:16 14635.8 331.829 1 616
2005-Jan-19 03:52:00 14971.5 348.71 1 615
2005-Jan-19 03:59:44 15241.1 338.562 1 618
2005-Jan-19 04:07:28 15001.9 327.594 1 618
2005-Jan-19 04:15:12 15490.6 327.142 1 619
2005-Jan-19 04:22:56 15148.7 303.605 1 616
2005-Jan-19 04:30:40 15356.4 312.032 1 614
2005-Jan-19 04:38:24 15338.3 326.854 1 617
2005-Jan-19 04:46:08 15715.3 315.716 1 613
2005-Jan-19 04:53:52 14879 323.464 1 614
2005-Jan-19 05:01:36 14539.8 338.059 1 618
2005-Jan-19 05:09:20 14734.3 326.366 1 615
2005-Jan-19 05:17:04 14956.2 316.989 1 616
2005-Jan-19 05:24:48 15323.8 318.567 1 615
2005-Jan-19 05:32:32 14855.8 302.387 1 615
2005-Jan-19 05:40:16 14541.2 317.773 1 617
2005-Jan-19 05:48:00 14436.9 301.386 1 616
2005-Jan-19 05:55:44 15184.1 303.439 1 619
2005-Jan-19 06:03:28 15523.4 305.618 1 613
#$5.07312e-17 -8.43391e-17 2
#deg max=30 0.523599
#dp_Δ max=-8e-06
#POWER_PROFILE stage=grid total_s=0.0677189
#POWER_PROFILE stage=bootstrap total_s=1.06178
#$4.33448e-17 -4.52856e-17 0
#deg max=95 1.65806
#dp_Δ max=9.25e-06
#POWER_PROFILE stage=grid total_s=0.0679949
#POWER_PROFILE stage=bootstrap total_s=1.06037
#$4.71153e-17 -9.79488e-17 1
#PROFILE segment=0 windows=34 fft_qc_s=0.0565125 pack_s=0.0181859 stack_s=4.32769 fit_s=2.99935 total_s=7.40362
#Segment 2005-Jan-19 0 accepted_windows=34
2005-Jan-19 05:55:44 15184.1 303.439 1 619
2005-Jan-19 06:03:28 15523.4 305.618 1 613
2005-Jan-19 06:11:12 14989.4 288.771 1 615
2005-Jan-19 06:26:40 15192.6 338.871 1 619
2005-Jan-19 06:34:24 15069.9 325.581 1 617
2005-Jan-19 06:42:08 14757.5 330.235 1 614
2005-Jan-19 06:49:52 15538.1 304.152 1 613
2005-Jan-19 06:57:36 15292.1 302.316 1 617
2005-Jan-19 07:05:20 15639.6 296.545 1 616
2005-Jan-19 07:13:04 15799 308.122 1 613
2005-Jan-19 07:20:48 15270.7 299.426 1 616
2005-Jan-19 07:28:32 15384.2 285.871 1 620
2005-Jan-19 07:36:16 15236.6 291.48 1 619
2005-Jan-19 07:44:00 15065.3 300.25 1 620
2005-Jan-19 07:51:44 14940.8 293.032 1 615
2005-Jan-19 07:59:28 14931.7 296.818 1 617
2005-Jan-19 08:07:12 15128.4 284.6 1 618
2005-Jan-19 08:14:56 15275 275.943 1 619
2005-Jan-19 08:22:40 15092.7 287.668 1 620
2005-Jan-19 08:30:24 15228.3 310.372 1 620
2005-Jan-19 08:38:08 15639.9 307.543 1 617
2005-Jan-19 09:09:04 15619.6 285.101 1 619
2005-Jan-19 09:16:48 15046 274.834 1 621
2005-Jan-19 09:24:32 14841.2 262.459 1 621
2005-Jan-19 09:32:16 15548.3 281.659 1 620
2005-Jan-19 09:40:00 15551 278.761 1 618
2005-Jan-19 09:47:44 15143.4 273.506 1 624
2005-Jan-19 09:55:28 15371.4 253.956 1 624
2005-Jan-19 10:03:12 15145.9 266.649 1 626
2005-Jan-19 10:10:56 15315.2 281.825 1 623
2005-Jan-19 10:18:40 15336.7 270.64 1 623
2005-Jan-19 10:26:24 15155.6 265.063 1 623
2005-Jan-19 10:34:08 14841.7 272.17 1 620
2005-Jan-19 10:41:52 15178.7 276.344 1 619
2005-Jan-19 10:49:36 15686.4 278.033 1 618
2005-Jan-19 10:57:20 15506.4 284.422 1 609
2005-Jan-19 11:05:04 15645.4 276.991 1 613
2005-Jan-19 11:12:48 16211.4 265.467 1 609
2005-Jan-19 11:20:32 15599.7 265.074 1 620
2005-Jan-19 11:28:16 15212.1 274.722 1 625
2005-Jan-19 11:36:00 14809.5 266.101 1 623
2005-Jan-19 11:43:44 14750.3 258.579 1 624
2005-Jan-19 11:51:28 15974.6 255.719 1 627
2005-Jan-19 11:59:12 15618.3 250.095 1 626
#$4.1467e-17 -6.5051e-17 2
#deg max=25 0.436332
#dp_Δ max=-7.25e-06
#POWER_PROFILE stage=grid total_s=0.0880714
#POWER_PROFILE stage=bootstrap total_s=1.37849
#$3.58155e-17 -3.68869e-17 0
#deg max=95 1.65806
#dp_Δ max=-2e-05
#POWER_PROFILE stage=grid total_s=0.0883964
#POWER_PROFILE stage=bootstrap total_s=1.37575
#$3.88941e-17 -7.82404e-17 1
#PROFILE segment=1 windows=44 fft_qc_s=0.0824002 pack_s=0.0234908 stack_s=5.62813 fit_s=4.07312 total_s=9.80904
#Segment 2005-Jan-19 1 accepted_windows=44
2005-Jan-19 11:51:28 15974.6 255.719 1 627
2005-Jan-19 11:59:12 15618.3 250.095 1 626
2005-Jan-19 12:06:56 15378.3 256.481 1 625
2005-Jan-19 12:14:40 15365.6 249.141 1 628
2005-Jan-19 12:22:24 15316.1 240.609 1 625
2005-Jan-19 12:30:08 15136.3 250.468 1 628
2005-Jan-19 12:37:52 14734.3 274.724 1 627
2005-Jan-19 12:45:36 15952.9 286.097 1 627
2005-Jan-19 13:01:04 15292.9 243.259 1 628
2005-Jan-19 13:08:48 15063.6 238.896 1 632
2005-Jan-19 13:16:32 14638 238.49 1 631
2005-Jan-19 13:24:16 14969.4 239.589 1 632
2005-Jan-19 13:32:00 15230.4 237.474 1 631
2005-Jan-19 13:39:44 15547.2 231.686 1 632
2005-Jan-19 13:47:28 14914.1 229.126 1 633
2005-Jan-19 13:55:12 16092.1 218.136 1 630
2005-Jan-19 14:02:56 15639.8 228.143 1 632
2005-Jan-19 14:10:40 14781.4 228.621 1 632
2005-Jan-19 14:18:24 15650.7 235.48 1 634
2005-Jan-19 14:26:08 15467.7 226.001 1 635
2005-Jan-19 14:33:52 15430.6 232.757 1 633
2005-Jan-19 14:41:36 15132.2 229.514 1 633
2005-Jan-19 14:49:20 15261.5 219.069 1 635
#$4.1602e-17 -6.05218e-17 2
#deg max=15 0.261799
#dp_Δ max=-1.775e-05
#POWER_PROFILE stage=grid total_s=0.0462395
#POWER_PROFILE stage=bootstrap total_s=0.739466
#$4.15503e-17 -3.63908e-17 0
#deg max=15 0.261799
#dp_Δ max=-1.625e-05
#POWER_PROFILE stage=grid total_s=0.0467433
#POWER_PROFILE stage=bootstrap total_s=0.734222
#$4.11766e-17 -7.97772e-17 1
#PROFILE segment=2 windows=23 fft_qc_s=0.0402028 pack_s=0.0123838 stack_s=3.0235 fit_s=2.54242 total_s=5.62036
#Segment 2005-Jan-19 2 accepted_windows=23
2005-Jan-19 18:41:20 17096.8 274.375 1 641
2005-Jan-19 18:49:04 17363 260.735 1 638
2005-Jan-19 18:56:48 16154.1 246.896 1 640
2005-Jan-19 19:04:32 16112 259.787 1 636
2005-Jan-19 19:20:00 15658.2 217.263 1 638
2005-Jan-19 19:27:44 16003.5 207.634 1 639
2005-Jan-19 19:35:28 15156.6 202.766 1 639
2005-Jan-19 19:43:12 16270.2 204.479 1 641
2005-Jan-19 19:50:56 15265.9 208.147 1 635
2005-Jan-19 20:45:04 16225.5 251.182 1 640
2005-Jan-19 20:52:48 15316.7 230.135 1 636
2005-Jan-19 21:00:32 15447.6 217.851 1 642
2005-Jan-19 21:08:16 15748.2 217.569 1 641
2005-Jan-19 21:16:00 15444.9 216.374 1 635
2005-Jan-19 21:23:44 15630.1 221.009 1 635
2005-Jan-19 21:31:28 15663.5 221.543 1 636
2005-Jan-19 21:39:12 15842.2 207.383 1 641
2005-Jan-19 21:46:56 15454.3 194.23 1 635
2005-Jan-19 21:54:40 15654.3 206.499 1 636
2005-Jan-19 22:02:24 15803.1 211.73 1 636
2005-Jan-19 22:10:08 15763.1 210.541 1 638
2005-Jan-19 22:17:52 15517.4 206.826 1 635
2005-Jan-19 22:25:36 15331.4 200.18 1 637
2005-Jan-19 22:33:20 15664.8 206.089 1 637
#$9.60271e-17 -1.19375e-16 2
#$7.97388e-17 -6.73751e-17 0
#$7.19273e-17 -1.31321e-16 1
#PROFILE segment=3 windows=24 fft_qc_s=0.0705014 pack_s=0.013179 stack_s=3.19403 fit_s=0.00126071 total_s=3.28101
#Segment 2005-Jan-19 3 accepted_windows=24
#Start/Users/knishida/Projects/Autofocusing/repo/build-clang/matrix-audit-20050115-31/input/2005/0120/20050200000.h5 685 169.022s
#LOAD_PROFILE init_s=0.0427748 read_decode_copy_s=2.93196 filter_s=0.248641 total_s=3.22337
#Read data: load_h5 /Users/knishida/Projects/Autofocusing/repo/build-clang/matrix-audit-20050115-31/input/2005/0120/20050200000.h5 688 172.251s
2005-Jan-20 00:38:40 15653.4 260.616 1 647
2005-Jan-20 00:46:24 15720.8 273.587 1 650
2005-Jan-20 00:54:08 16214.7 273.261 1 643
2005-Jan-20 01:01:52 15459.9 258.834 1 644
2005-Jan-20 01:09:36 15717.1 261.653 1 645
2005-Jan-20 02:03:44 15810.2 357.232 1 642
2005-Jan-20 02:11:28 15841 345.101 1 642
2005-Jan-20 02:19:12 15584.9 337.464 1 644
2005-Jan-20 02:26:56 16238 347.964 1 640
2005-Jan-20 02:34:40 15549.3 349.554 1 643
2005-Jan-20 03:13:20 15968.2 440.388 1 635
2005-Jan-20 03:21:04 15445.7 456.974 1 635
2005-Jan-20 03:28:48 14821 460.099 1 635
2005-Jan-20 03:36:32 15829.5 467.356 1 633
2005-Jan-20 03:44:16 15682.8 501.02 1 634
2005-Jan-20 03:52:00 15747.2 521.873 1 635
2005-Jan-20 03:59:44 15514.3 525.556 1 637
2005-Jan-20 04:07:28 15116 539.589 1 638
2005-Jan-20 04:15:12 15239.7 582.532 1 638
2005-Jan-20 04:22:56 15255.6 578.016 1 635
2005-Jan-20 04:30:40 15680.5 608.904 1 637
2005-Jan-20 04:38:24 15322.3 640.358 1 637
2005-Jan-20 04:46:08 15352.2 655.013 1 637
2005-Jan-20 04:53:52 14782.1 619.219 1 636
2005-Jan-20 05:01:36 15902 656.293 1 634
2005-Jan-20 05:09:20 16160.8 701.422 1 637
2005-Jan-20 05:17:04 15677.1 691.13 1 641
2005-Jan-20 05:24:48 15054.9 694.28 1 637
2005-Jan-20 05:32:32 15519.4 688.905 1 631
2005-Jan-20 05:40:16 15538.6 704.563 1 637
2005-Jan-20 05:48:00 15753.9 746.62 1 640
2005-Jan-20 05:55:44 15262.2 714.808 1 637
2005-Jan-20 06:03:28 15869.7 772.876 1 638
#$1.20048e-16 -1.33011e-16 2
#$1.01314e-16 -7.50682e-17 0
#$1.01258e-16 -1.85698e-16 1
#PROFILE segment=0 windows=33 fft_qc_s=0.0776098 pack_s=0.0177949 stack_s=4.34488 fit_s=0.00119654 total_s=4.4435
#Segment 2005-Jan-20 0 accepted_windows=33
2005-Jan-20 05:55:44 15262.2 714.808 1 637
2005-Jan-20 06:03:28 15869.7 772.876 1 638
2005-Jan-20 06:11:12 15734.2 738.479 1 637
2005-Jan-20 06:18:56 15026.5 744.373 1 635
2005-Jan-20 06:26:40 15278.6 720.714 1 637
2005-Jan-20 06:34:24 15398.4 703.45 1 636
2005-Jan-20 06:42:08 16126.8 730.121 1 638
2005-Jan-20 06:49:52 15408.6 753.721 1 638
2005-Jan-20 06:57:36 15839.2 750.239 1 637
2005-Jan-20 07:05:20 15256.5 735.209 1 638
2005-Jan-20 07:13:04 15582.7 740.233 1 635
2005-Jan-20 07:20:48 15603.9 731.177 1 637
2005-Jan-20 07:28:32 15604.3 750.62 1 636
2005-Jan-20 07:36:16 15891.9 723.252 1 639
2005-Jan-20 07:44:00 15538.6 742.228 1 638
2005-Jan-20 07:51:44 15498.8 720.795 1 635
2005-Jan-20 07:59:28 15257.6 751.868 1 636
2005-Jan-20 08:07:12 15232.7 745.203 1 639
2005-Jan-20 08:14:56 15356 750.156 1 638
2005-Jan-20 08:22:40 15648.5 746.333 1 638
2005-Jan-20 08:30:24 15918.6 748.387 1 636
2005-Jan-20 08:38:08 14984.4 726.738 1 635
2005-Jan-20 09:09:04 15240.8 773.521 1 638
2005-Jan-20 09:16:48 14760.5 786.551 1 640
2005-Jan-20 09:24:32 15276.5 816.027 1 638
2005-Jan-20 09:32:16 15000.6 819.679 1 636
2005-Jan-20 09:40:00 15299.1 810.158 1 637
2005-Jan-20 09:47:44 16055 786.926 1 640
2005-Jan-20 09:55:28 15858.2 829.998 1 640
2005-Jan-20 10:03:12 15267.9 926.327 1 639
2005-Jan-20 10:10:56 15335.7 919.472 1 641
2005-Jan-20 10:18:40 15433.9 844.927 1 636
2005-Jan-20 10:26:24 15657.5 908.948 1 636
2005-Jan-20 10:34:08 15214.6 862.74 1 632
2005-Jan-20 10:41:52 15446.6 861.345 1 635
2005-Jan-20 10:49:36 14976.5 911.274 1 639
2005-Jan-20 10:57:20 16141.7 967.094 1 638
2005-Jan-20 11:05:04 16476.6 1017.25 1 635
2005-Jan-20 11:12:48 15938.3 964.261 1 640
2005-Jan-20 11:20:32 15973.9 951.803 1 639
2005-Jan-20 11:28:16 15657.3 1034.31 1 637
2005-Jan-20 11:51:28 16547.9 1154.14 1 641
#$1.27725e-16 -1.50434e-16 2
#deg max=115 2.00713
#dp_Δ max=-1.25e-06
#POWER_PROFILE stage=grid total_s=0.0844276
#POWER_PROFILE stage=bootstrap total_s=1.33752
#$1.28463e-16 -9.84609e-17 0
#deg max=75 1.309
#dp_Δ max=-2e-06
#POWER_PROFILE stage=grid total_s=0.0842143
#POWER_PROFILE stage=bootstrap total_s=1.3212
#$1.37569e-16 -2.63458e-16 1
#deg max=15 0.261799
#dp_Δ max=1e-06
#POWER_PROFILE stage=grid total_s=0.0840651
#POWER_PROFILE stage=bootstrap total_s=1.32481
#PROFILE segment=1 windows=42 fft_qc_s=0.0782623 pack_s=0.0227072 stack_s=5.51984 fit_s=5.37108 total_s=10.9939
#Segment 2005-Jan-20 1 accepted_windows=42
2005-Jan-20 12:06:56 26903 1221.36 1 600
2005-Jan-20 12:14:40 18158.6 1176.25 1 598
2005-Jan-20 12:22:24 16963.1 1223.15 1 600
2005-Jan-20 12:30:08 16648.2 1291.86 1 599
2005-Jan-20 12:37:52 16898.7 1441.01 1 598
2005-Jan-20 12:45:36 16745.7 1408.36 1 601
2005-Jan-20 12:53:20 16157.3 1398.06 1 598
2005-Jan-20 13:01:04 15902.9 1424.3 1 598
2005-Jan-20 13:08:48 16004.6 1460.31 1 597
2005-Jan-20 13:16:32 17005.1 1544.91 1 597
2005-Jan-20 13:24:16 15660 1644.34 1 596
2005-Jan-20 13:32:00 15949.8 1662.36 1 600
2005-Jan-20 13:39:44 16821.6 1748.11 1 599
2005-Jan-20 13:47:28 16447.6 1677.15 1 599
2005-Jan-20 13:55:12 16279.5 1746.94 1 598
2005-Jan-20 14:02:56 16987.2 1739.29 1 599
2005-Jan-20 14:10:40 16345.7 1779.46 1 601
2005-Jan-20 14:18:24 16450.7 1766.58 1 600
2005-Jan-20 14:26:08 15765.9 1845.52 1 599
2005-Jan-20 14:33:52 15938.3 1827.32 1 599
2005-Jan-20 14:41:36 16180.8 1898.91 1 600
2005-Jan-20 14:49:20 15857.9 1904.79 1 602
2005-Jan-20 14:57:04 15812.4 1806.01 1 599
2005-Jan-20 15:04:48 16635.9 1859.46 1 599
2005-Jan-20 15:12:32 16774.8 1878.27 1 599
2005-Jan-20 15:20:16 16360.6 1910.8 1 600
2005-Jan-20 15:28:00 16111.9 1895.31 1 599
2005-Jan-20 15:35:44 16837.4 1821.61 1 600
2005-Jan-20 15:43:28 16385.6 1837.25 1 600
2005-Jan-20 15:51:12 16820.7 1823.67 1 600
2005-Jan-20 15:58:56 17142.3 1843.43 1 601
2005-Jan-20 16:06:40 16251 1910.04 1 599
2005-Jan-20 16:14:24 15857.6 1880.87 1 601
2005-Jan-20 16:22:08 16061.5 1757.82 1 601
2005-Jan-20 16:29:52 17223 1692.6 1 602
2005-Jan-20 16:37:36 16483.5 1760.87 1 602
2005-Jan-20 16:45:20 16858.7 1757.02 1 599
2005-Jan-20 16:53:04 17004.7 1792.55 1 597
2005-Jan-20 17:00:48 16004.5 1782.76 1 603
2005-Jan-20 17:08:32 16202 1805.54 1 601
2005-Jan-20 17:16:16 16649.2 1783.6 1 597
2005-Jan-20 17:24:00 16003.5 1686.46 1 597
2005-Jan-20 17:31:44 16259.2 1621.79 1 599
2005-Jan-20 17:39:28 16930.2 1666.64 1 599
2005-Jan-20 17:47:12 16542.5 1730.28 1 602
2005-Jan-20 17:54:56 17052.7 1735.67 1 600
#$1.86157e-16 -2.26615e-16 2
#$1.71118e-16 -1.24197e-16 0
#$2.14093e-16 -4.2064e-16 1
#PROFILE segment=2 windows=46 fft_qc_s=0.0793919 pack_s=0.0243677 stack_s=5.70732 fit_s=0.00118113 total_s=5.81415
#Segment 2005-Jan-20 2 accepted_windows=46
2005-Jan-20 17:47:12 16542.5 1730.28 1 602
2005-Jan-20 17:54:56 17052.7 1735.67 1 600
2005-Jan-20 18:02:40 16195.1 1680.75 1 600
2005-Jan-20 18:10:24 16974.2 1644.73 1 597
2005-Jan-20 18:18:08 16836.2 1614.5 1 597
2005-Jan-20 18:25:52 16364.1 1604.65 1 597
2005-Jan-20 18:33:36 16917 1606.68 1 598
2005-Jan-20 18:41:20 16183.4 1652.96 1 598
2005-Jan-20 18:49:04 16393.4 1562.11 1 601
2005-Jan-20 18:56:48 16234.8 1563.45 1 597
2005-Jan-20 19:04:32 16589.9 1625.35 1 594
2005-Jan-20 19:12:16 16442.1 1525.52 1 596
2005-Jan-20 19:20:00 15954.8 1540.81 1 595
2005-Jan-20 19:27:44 16497.3 1593.51 1 596
2005-Jan-20 19:35:28 16701.3 1504.2 1 596
2005-Jan-20 19:43:12 16655.4 1509.87 1 597
2005-Jan-20 19:50:56 17283.7 1517.66 1 596
2005-Jan-20 19:58:40 17258.3 1484.99 1 596
2005-Jan-20 20:06:24 17052.9 1470.22 1 599
2005-Jan-20 20:14:08 16845.7 1477.37 1 597
2005-Jan-20 20:21:52 16566.8 1584.59 1 598
2005-Jan-20 20:29:36 16506.9 1549.62 1 597
2005-Jan-20 20:37:20 16148.8 1534.37 1 597
2005-Jan-20 20:45:04 16799.7 1532.18 1 595
2005-Jan-20 20:52:48 16578.2 1550.29 1 594
2005-Jan-20 21:00:32 17103.4 1489.89 1 594
2005-Jan-20 21:08:16 16136.3 1547.95 1 595
2005-Jan-20 21:16:00 16187.5 1492.64 1 595
2005-Jan-20 21:23:44 16777.2 1501.43 1 595
2005-Jan-20 21:31:28 16653.9 1459.81 1 596
2005-Jan-20 21:39:12 17019.3 1496.31 1 594
2005-Jan-20 21:46:56 17038.1 1499.13 1 597
2005-Jan-20 21:54:40 16699 1514.21 1 597
2005-Jan-20 22:02:24 16661.1 1559.71 1 596
2005-Jan-20 22:10:08 16755.3 1489.25 1 595
2005-Jan-20 22:17:52 16223.2 1472.01 1 598
2005-Jan-20 22:25:36 17207.1 1452.96 1 592
2005-Jan-20 22:33:20 16060.1 1456.42 1 594
2005-Jan-20 22:41:04 16761.4 1441.54 1 595
2005-Jan-20 22:48:48 16547.5 1465.1 1 596
2005-Jan-20 22:56:32 16410.6 1444.64 1 597
#$1.87841e-16 -2.27846e-16 2
#$1.78433e-16 -1.1464e-16 0
#$2.21277e-16 -4.26441e-16 1
#PROFILE segment=3 windows=41 fft_qc_s=0.0755128 pack_s=0.021736 stack_s=5.05755 fit_s=0.0011675 total_s=5.17125
#Segment 2005-Jan-20 3 accepted_windows=41
#Start/Users/knishida/Projects/Autofocusing/repo/build-clang/matrix-audit-20050115-31/input/2005/0121/20050210000.h5 688 198.677s
#LOAD_PROFILE init_s=0.0413207 read_decode_copy_s=3.0708 filter_s=0.247755 total_s=3.35988
#Read data: load_h5 /Users/knishida/Projects/Autofocusing/repo/build-clang/matrix-audit-20050115-31/input/2005/0121/20050210000.h5 686 202.042s
2005-Jan-21 01:01:52 17984.1 1740.31 1 639
2005-Jan-21 01:09:36 16455.6 1614.66 1 638
2005-Jan-21 01:17:20 15279.1 1568.31 1 640
2005-Jan-21 01:25:04 15881.1 1435.96 1 639
2005-Jan-21 01:32:48 14854.3 1347.54 1 641
2005-Jan-21 01:40:32 15265.1 1347.66 1 640
2005-Jan-21 01:48:16 15547.1 1354.71 1 638
2005-Jan-21 01:56:00 21764.4 1450.01 1 638
2005-Jan-21 02:03:44 19563.4 1347.2 1 639
2005-Jan-21 02:11:28 15726.9 1373.39 1 641
2005-Jan-21 02:19:12 14866.8 1312.94 1 641
2005-Jan-21 02:26:56 15038.9 1330.41 1 638
2005-Jan-21 02:34:40 14489.6 1367.39 1 638
2005-Jan-21 02:42:24 14336.2 1374.68 1 638
2005-Jan-21 02:50:08 14745.5 1300.63 1 638
2005-Jan-21 02:57:52 13886 1264.59 1 637
2005-Jan-21 03:05:36 14564 1351.48 1 643
2005-Jan-21 03:13:20 13939.7 1273.5 1 640
2005-Jan-21 03:21:04 14572.3 1244.4 1 640
2005-Jan-21 03:28:48 13661.7 1314.36 1 641
2005-Jan-21 03:36:32 14706.1 1241.66 1 642
2005-Jan-21 03:44:16 14661.7 1285.99 1 643
2005-Jan-21 03:52:00 13973.2 1269.89 1 642
2005-Jan-21 03:59:44 14859.6 1242.67 1 641
2005-Jan-21 04:07:28 14054.8 1255.3 1 639
2005-Jan-21 04:15:12 13897.1 1270.5 1 641
2005-Jan-21 04:22:56 14243.6 1246.74 1 641
2005-Jan-21 04:30:40 14871.8 1207.28 1 642
2005-Jan-21 04:38:24 15286.1 1224.72 1 642
2005-Jan-21 04:46:08 16186.1 1213.21 1 643
2005-Jan-21 04:53:52 15761.2 1214.83 1 642
2005-Jan-21 05:01:36 14801.4 1170.97 1 642
2005-Jan-21 05:09:20 13899 1173.4 1 643
2005-Jan-21 05:17:04 14955.7 1176.61 1 643
2005-Jan-21 05:24:48 13866.1 1143.84 1 643
2005-Jan-21 05:32:32 14287.5 1142.55 1 643
2005-Jan-21 05:40:16 14258.1 1148.64 1 643
2005-Jan-21 05:48:00 14305.4 1119.79 1 644
2005-Jan-21 05:55:44 14851.3 1072.4 1 646
2005-Jan-21 06:03:28 14622 1060.95 1 646
#$1.62263e-16 -2.16467e-16 2
#$1.69179e-16 -1.08645e-16 0
#$1.92536e-16 -3.83768e-16 1
#PROFILE segment=0 windows=40 fft_qc_s=0.0779851 pack_s=0.0219701 stack_s=5.29918 fit_s=0.0011175 total_s=5.40234
#Segment 2005-Jan-21 0 accepted_windows=40
2005-Jan-21 05:55:44 14851.3 1072.4 1 646
2005-Jan-21 06:03:28 14622 1060.95 1 646
2005-Jan-21 06:11:12 14436.5 1061.87 1 643
2005-Jan-21 06:18:56 14381.7 1030.86 1 643
2005-Jan-21 06:26:40 14806.2 1068.74 1 643
2005-Jan-21 06:34:24 14556 1057.69 1 639
2005-Jan-21 06:42:08 14348.9 1095.63 1 640
2005-Jan-21 06:49:52 15150.6 1035.29 1 643
2005-Jan-21 06:57:36 14625.4 1016 1 642
2005-Jan-21 07:05:20 14622.1 1003.1 1 643
2005-Jan-21 07:13:04 14516.5 998.958 1 641
2005-Jan-21 07:20:48 14566.9 989.515 1 641
2005-Jan-21 07:28:32 13845.6 971.105 1 638
2005-Jan-21 07:36:16 14113.9 1004.71 1 636
2005-Jan-21 07:44:00 14853.6 964.103 1 638
2005-Jan-21 07:51:44 14500.8 968.346 1 639
2005-Jan-21 07:59:28 14119 935.837 1 641
2005-Jan-21 08:07:12 14670.7 892.617 1 640
2005-Jan-21 08:14:56 13953.7 907.44 1 634
2005-Jan-21 08:22:40 14442.6 924.35 1 639
2005-Jan-21 08:30:24 14471.2 950.35 1 638
2005-Jan-21 08:38:08 14326 914.736 1 635
2005-Jan-21 09:09:04 14293.5 868.746 1 633
2005-Jan-21 09:16:48 14298.1 888.456 1 632
2005-Jan-21 09:24:32 14373.9 883.969 1 634
2005-Jan-21 09:32:16 14072 867.482 1 634
2005-Jan-21 09:40:00 13535.4 834.644 1 634
2005-Jan-21 09:47:44 13603.7 893.369 1 635
2005-Jan-21 09:55:28 13937.8 871.057 1 631
2005-Jan-21 10:03:12 14323.7 835.318 1 630
2005-Jan-21 10:10:56 14524.3 833.326 1 632
2005-Jan-21 10:18:40 14326.3 838.283 1 626
2005-Jan-21 10:26:24 14193.1 840.05 1 633
2005-Jan-21 10:34:08 14397.5 836.871 1 627
2005-Jan-21 10:41:52 14414.6 784.177 1 627
2005-Jan-21 10:49:36 13750.3 772.92 1 626
2005-Jan-21 10:57:20 13965 738.616 1 632
2005-Jan-21 11:05:04 14646.6 748.17 1 633
2005-Jan-21 11:12:48 13853.4 752.262 1 634
2005-Jan-21 11:20:32 14141.6 781.674 1 632
2005-Jan-21 11:28:16 14533.5 766.503 1 633
2005-Jan-21 11:36:00 13902.3 735.33 1 635
2005-Jan-21 11:43:44 14334.8 719.235 1 635
2005-Jan-21 11:51:28 14309.3 713.253 1 634
2005-Jan-21 11:59:12 14567.6 725.014 1 634
#$1.38352e-16 -1.78051e-16 2
#$1.42931e-16 -7.82245e-17 0
#$1.55786e-16 -3.10864e-16 1
#PROFILE segment=1 windows=45 fft_qc_s=0.0781844 pack_s=0.024363 stack_s=5.91566 fit_s=0.00122979 total_s=6.0214
#Segment 2005-Jan-21 1 accepted_windows=45
2005-Jan-21 11:51:28 14309.3 713.253 1 634
2005-Jan-21 11:59:12 14567.6 725.014 1 634
2005-Jan-21 12:06:56 14370.1 735.333 1 636
2005-Jan-21 12:14:40 15168.2 709.92 1 633
2005-Jan-21 12:22:24 15024.3 696.929 1 635
2005-Jan-21 12:30:08 14441 691.258 1 635
2005-Jan-21 12:37:52 13656.7 662.846 1 634
2005-Jan-21 12:45:36 14307.5 642.469 1 633
2005-Jan-21 12:53:20 14264.3 651.835 1 634
2005-Jan-21 13:01:04 14326.6 650.011 1 630
2005-Jan-21 13:08:48 14599.5 649.891 1 632
2005-Jan-21 13:16:32 14079.3 675.857 1 636
2005-Jan-21 13:24:16 14195.3 646.235 1 635
2005-Jan-21 13:32:00 13812.8 620.512 1 633
2005-Jan-21 13:39:44 14226.9 629.207 1 633
2005-Jan-21 13:47:28 14530.3 623.333 1 633
2005-Jan-21 13:55:12 14116.6 635.197 1 634
2005-Jan-21 14:02:56 14903.3 625.944 1 637
2005-Jan-21 14:10:40 14580.8 612.105 1 631
2005-Jan-21 14:18:24 14327.3 615.988 1 634
2005-Jan-21 14:26:08 14949.7 598.356 1 632
2005-Jan-21 14:33:52 14653.4 579.5 1 633
2005-Jan-21 14:41:36 14186.9 576.354 1 633
2005-Jan-21 14:49:20 13902.2 573.653 1 633
2005-Jan-21 14:57:04 13883.2 564.588 1 632
2005-Jan-21 15:04:48 13791.4 586.525 1 634
2005-Jan-21 15:12:32 14428.7 557.459 1 634
2005-Jan-21 15:20:16 14332.4 557.956 1 632
2005-Jan-21 15:28:00 14024.7 560.119 1 631
2005-Jan-21 15:35:44 14137.1 582.665 1 632
2005-Jan-21 15:43:28 14337.6 569.108 1 633
2005-Jan-21 15:51:12 14718.7 550.631 1 632
2005-Jan-21 15:58:56 13925.7 544.94 1 630
2005-Jan-21 16:06:40 13972.5 532.438 1 634
2005-Jan-21 16:14:24 13837.6 524.589 1 631
2005-Jan-21 16:22:08 14279.3 518.386 1 632
2005-Jan-21 16:29:52 13974.3 538.339 1 634
2005-Jan-21 16:37:36 14190.8 554.143 1 632
2005-Jan-21 16:45:20 14002.5 540.488 1 635
2005-Jan-21 16:53:04 14368.8 533.6 1 630
2005-Jan-21 17:00:48 15184.6 505.271 1 633
2005-Jan-21 17:08:32 14477 518.952 1 632
2005-Jan-21 17:16:16 14454.3 497.722 1 635
2005-Jan-21 17:24:00 14255.9 506.944 1 633
2005-Jan-21 17:31:44 14232.4 480.104 1 631
2005-Jan-21 17:39:28 13869.1 479.789 1 628
2005-Jan-21 17:47:12 13888.6 487.117 1 630
2005-Jan-21 17:54:56 13917.9 494.006 1 631
#$1.06697e-16 -1.32238e-16 2
#$1.12742e-16 -5.41239e-17 0
#$1.16119e-16 -2.42832e-16 1
#PROFILE segment=2 windows=48 fft_qc_s=0.080794 pack_s=0.0263571 stack_s=6.47371 fit_s=0.00114808 total_s=6.58406
#Segment 2005-Jan-21 2 accepted_windows=48
2005-Jan-21 17:47:12 13888.6 487.117 1 630
2005-Jan-21 17:54:56 13917.9 494.006 1 631
2005-Jan-21 18:02:40 14957.8 488.562 1 633
2005-Jan-21 18:10:24 14631.2 471.642 1 630
2005-Jan-21 18:18:08 15022.2 457.88 1 631
2005-Jan-21 18:25:52 14197.2 457.875 1 632
2005-Jan-21 18:33:36 14075.8 438.533 1 630
2005-Jan-21 18:41:20 14869.3 469.783 1 627
2005-Jan-21 18:49:04 14453.4 452.742 1 630
2005-Jan-21 18:56:48 14278.6 477.735 1 629
2005-Jan-21 19:04:32 14224.8 457.13 1 630
2005-Jan-21 19:12:16 14115.8 461.662 1 632
2005-Jan-21 19:20:00 15069.4 456.625 1 630
2005-Jan-21 19:27:44 14378.1 451.823 1 633
2005-Jan-21 19:35:28 14327.9 455.914 1 630
2005-Jan-21 19:43:12 14296.7 452.324 1 628
2005-Jan-21 19:50:56 14112.1 454.426 1 631
2005-Jan-21 19:58:40 14505 451.885 1 630
2005-Jan-21 20:06:24 14075.4 447.154 1 628
2005-Jan-21 20:14:08 13778.5 441.125 1 629
2005-Jan-21 20:21:52 14473.1 431.517 1 631
2005-Jan-21 20:29:36 14857.7 439.148 1 630
2005-Jan-21 20:37:20 14287.7 430.468 1 623
2005-Jan-21 20:45:04 14459.3 428.934 1 627
2005-Jan-21 20:52:48 14344.2 436.87 1 629
2005-Jan-21 21:00:32 14444.2 437.398 1 630
2005-Jan-21 21:08:16 14377.4 423.922 1 627
2005-Jan-21 21:16:00 14563.3 419.504 1 624
2005-Jan-21 21:23:44 14600 419.57 1 622
#$1.05044e-16 -1.2874e-16 2
#$1.08376e-16 -5.16649e-17 0
#$1.07526e-16 -2.07756e-16 1
#PROFILE segment=3 windows=29 fft_qc_s=0.0471631 pack_s=0.0157084 stack_s=3.77135 fit_s=0.00115537 total_s=3.85077
#Segment 2005-Jan-21 3 accepted_windows=29
#Start/Users/knishida/Projects/Autofocusing/repo/build-clang/matrix-audit-20050115-31/input/2005/0122/20050220000.h5 686 223.904s
#LOAD_PROFILE init_s=0.0405741 read_decode_copy_s=3.01262 filter_s=0.249077 total_s=3.30227
#Read data: load_h5 /Users/knishida/Projects/Autofocusing/repo/build-clang/matrix-audit-20050115-31/input/2005/0122/20050220000.h5 686 227.211s
2005-Jan-22 01:09:36 14362.3 438.883 1 617
2005-Jan-22 01:17:20 14147.9 437.519 1 620
2005-Jan-22 01:25:04 14381.9 428.502 1 621
2005-Jan-22 01:32:48 14593.1 429.535 1 617
2005-Jan-22 01:40:32 14660.8 417.712 1 616
2005-Jan-22 01:48:16 14553.8 407.894 1 617
2005-Jan-22 01:56:00 14573.3 430.599 1 615
2005-Jan-22 02:03:44 14295.7 413.476 1 615
2005-Jan-22 02:11:28 14423.9 416.166 1 610
2005-Jan-22 02:19:12 14373.6 417.935 1 616
2005-Jan-22 02:26:56 13636.2 431.892 1 615
2005-Jan-22 02:34:40 13979.3 427.596 1 614
2005-Jan-22 04:53:52 14811.2 454.513 1 602
2005-Jan-22 05:01:36 13868.3 440.556 1 604
2005-Jan-22 05:09:20 14267.5 434.544 1 599
2005-Jan-22 05:17:04 14626.7 435.242 1 602
2005-Jan-22 05:24:48 14065.9 427.551 1 604
2005-Jan-22 05:32:32 14091.7 416.282 1 601
#$1.05316e-16 -1.34277e-16 2
#deg max=20 0.349066
#dp_Δ max=2.5e-07
#POWER_PROFILE stage=grid total_s=0.036002
#POWER_PROFILE stage=bootstrap total_s=0.57049
#$1.24652e-16 -6.91867e-17 0
#deg max=160 2.79253
#dp_Δ max=1e-06
#POWER_PROFILE stage=grid total_s=0.0372865
#POWER_PROFILE stage=bootstrap total_s=0.569859
#$1.08081e-16 -2.09067e-16 1
#deg max=160 2.79253
#dp_Δ max=-3.5e-06
#POWER_PROFILE stage=grid total_s=0.0367262
#POWER_PROFILE stage=bootstrap total_s=0.57604
#PROFILE segment=0 windows=18 fft_qc_s=0.0356817 pack_s=0.00958708 stack_s=2.28981 fit_s=2.39061 total_s=4.72757
#Segment 2005-Jan-22 0 accepted_windows=18
2005-Jan-22 06:34:24 15221.5 383.618 1 606
2005-Jan-22 06:42:08 14513.7 362.764 1 602
2005-Jan-22 06:49:52 14450.5 379.423 1 601
2005-Jan-22 06:57:36 14049.6 368.821 1 602
2005-Jan-22 07:05:20 13882 358.842 1 601
2005-Jan-22 07:13:04 14267.9 370.763 1 604
2005-Jan-22 07:20:48 14217.2 364.712 1 606
2005-Jan-22 07:28:32 14360 351.282 1 606
2005-Jan-22 07:36:16 14166 339.57 1 602
2005-Jan-22 07:44:00 14313.2 320.223 1 600
2005-Jan-22 07:51:44 14195 339.579 1 604
2005-Jan-22 07:59:28 13834.9 343.629 1 606
2005-Jan-22 08:07:12 14340.1 341.047 1 602
2005-Jan-22 08:14:56 14582.1 342.958 1 604
2005-Jan-22 08:22:40 13911.5 336.785 1 606
2005-Jan-22 08:30:24 13675.1 322.979 1 612
2005-Jan-22 08:38:08 13922.9 304.059 1 610
2005-Jan-22 09:09:04 14298.4 316.784 1 606
2005-Jan-22 09:16:48 13877.3 303.5 1 604
2005-Jan-22 09:24:32 13422.6 297.694 1 604
2005-Jan-22 09:32:16 14251.2 297.24 1 605
2005-Jan-22 09:40:00 13878.2 295.44 1 603
2005-Jan-22 09:47:44 14417.4 294.906 1 605
2005-Jan-22 09:55:28 13504.2 282.001 1 605
2005-Jan-22 10:03:12 14272.2 281.139 1 603
2005-Jan-22 10:10:56 14541.6 274.124 1 603
2005-Jan-22 10:18:40 13995.7 268.597 1 605
2005-Jan-22 10:26:24 13970 278.179 1 604
2005-Jan-22 10:34:08 14448 278.164 1 604
2005-Jan-22 10:41:52 14132.8 276.312 1 612
2005-Jan-22 10:49:36 13705.7 261.836 1 611
2005-Jan-22 10:57:20 14564.7 261.383 1 610
2005-Jan-22 11:05:04 13851.1 261.995 1 604
2005-Jan-22 11:12:48 13721.2 255.671 1 607
2005-Jan-22 11:20:32 13777.1 260.258 1 605
2005-Jan-22 11:28:16 13704.6 276.556 1 610
2005-Jan-22 11:36:00 14080.3 260.444 1 609
2005-Jan-22 11:43:44 13817.1 274.708 1 602
2005-Jan-22 11:51:28 14056.4 274.243 1 607
2005-Jan-22 11:59:12 14211.3 269.477 1 610
#$9.06971e-17 -1.2734e-16 2
#deg max=20 0.349066
#dp_Δ max=1e-06
#POWER_PROFILE stage=grid total_s=0.0799785
#POWER_PROFILE stage=bootstrap total_s=1.2588
#$1.13212e-16 -5.75369e-17 0
#deg max=5 0.0872665
#dp_Δ max=-3.5e-06
#POWER_PROFILE stage=grid total_s=0.079882
#POWER_PROFILE stage=bootstrap total_s=1.26137
#$1.06678e-16 -2.09049e-16 1
#deg max=125 2.18166
#dp_Δ max=2.5e-07
#POWER_PROFILE stage=grid total_s=0.0801379
#POWER_PROFILE stage=bootstrap total_s=1.26322
#PROFILE segment=1 windows=40 fft_qc_s=0.0787615 pack_s=0.0213888 stack_s=5.02087 fit_s=5.2791 total_s=10.4021
#Segment 2005-Jan-22 1 accepted_windows=40
2005-Jan-22 11:51:28 14056.4 274.243 1 607
2005-Jan-22 11:59:12 14211.3 269.477 1 610
2005-Jan-22 12:06:56 14285.3 271.56 1 608
2005-Jan-22 12:14:40 14332.1 271.418 1 610
2005-Jan-22 12:22:24 14065.2 278.576 1 611
2005-Jan-22 12:30:08 14448.8 275.708 1 611
2005-Jan-22 12:37:52 13943.8 276.822 1 609
2005-Jan-22 12:45:36 14444.6 271.14 1 616
2005-Jan-22 12:53:20 14210.2 279.349 1 608
2005-Jan-22 13:01:04 13741.6 285.169 1 612
2005-Jan-22 13:08:48 14175.7 281.247 1 612
2005-Jan-22 13:16:32 14137.5 272.611 1 615
2005-Jan-22 13:24:16 14493 265.805 1 612
2005-Jan-22 13:32:00 14341.6 268.87 1 609
2005-Jan-22 13:39:44 13863.2 269.603 1 613
2005-Jan-22 13:47:28 13487 288.215 1 615
2005-Jan-22 13:55:12 13596.2 279.457 1 607
2005-Jan-22 14:02:56 13702.8 263.766 1 604
2005-Jan-22 14:10:40 14400.5 264.909 1 613
2005-Jan-22 14:18:24 14014.5 269.878 1 613
2005-Jan-22 14:26:08 13959.3 266.865 1 610
2005-Jan-22 14:33:52 13855.7 262.598 1 616
2005-Jan-22 14:41:36 14535.3 261.794 1 617
2005-Jan-22 14:49:20 14251.3 268.344 1 614
2005-Jan-22 14:57:04 13946.9 253.293 1 616
2005-Jan-22 15:04:48 13984.4 264.698 1 619
2005-Jan-22 15:12:32 14490.9 260.233 1 616
2005-Jan-22 15:20:16 14279.3 267.681 1 614
2005-Jan-22 15:28:00 13594.4 266.099 1 616
2005-Jan-22 15:35:44 13721.1 261.579 1 609
2005-Jan-22 15:43:28 14192.9 252.347 1 615
2005-Jan-22 15:51:12 14009.6 246.222 1 612
2005-Jan-22 15:58:56 14683.3 240.219 1 616
2005-Jan-22 16:06:40 13920.9 244.336 1 616
2005-Jan-22 16:14:24 14255.5 240.417 1 617
2005-Jan-22 16:22:08 13968.8 240.69 1 617
2005-Jan-22 16:29:52 14643.5 241.103 1 614
2005-Jan-22 16:37:36 13905.7 238.882 1 618
2005-Jan-22 16:45:20 14236.9 232.396 1 619
2005-Jan-22 16:53:04 14010.9 227.874 1 624
2005-Jan-22 17:00:48 14343 234.516 1 618
2005-Jan-22 17:08:32 13803.5 226.93 1 614
2005-Jan-22 17:16:16 14202.7 224.643 1 619
2005-Jan-22 17:24:00 14120.7 216.192 1 617
2005-Jan-22 17:31:44 14135.5 213.142 1 616
2005-Jan-22 17:39:28 15072.7 210.17 1 619
2005-Jan-22 17:47:12 14055 213.576 1 619
2005-Jan-22 17:54:56 13705.6 213.344 1 616
#$6.27061e-17 -9.52494e-17 2
#deg max=20 0.349066
#dp_Δ max=-1.25e-06
#POWER_PROFILE stage=grid total_s=0.0963113
#POWER_PROFILE stage=bootstrap total_s=1.50522
#$8.57004e-17 -4.53561e-17 0
#deg max=135 2.35619
#dp_Δ max=-5e-07
#POWER_PROFILE stage=grid total_s=0.0964384
#POWER_PROFILE stage=bootstrap total_s=1.52607
#$6.82772e-17 -1.4723e-16 1
#deg max=160 2.79253
#dp_Δ max=-2e-06
#POWER_PROFILE stage=grid total_s=0.0967276
#POWER_PROFILE stage=bootstrap total_s=1.50115
#PROFILE segment=2 windows=48 fft_qc_s=0.0791755 pack_s=0.0256634 stack_s=6.09208 fit_s=6.44617 total_s=12.645
#Segment 2005-Jan-22 2 accepted_windows=48
2005-Jan-22 17:47:12 14055 213.576 1 619
2005-Jan-22 17:54:56 13705.6 213.344 1 616
2005-Jan-22 18:02:40 14870.8 207.353 1 618
2005-Jan-22 18:10:24 14395.9 210.004 1 619
2005-Jan-22 18:18:08 14268.1 217.321 1 619
2005-Jan-22 18:25:52 13742.2 212.822 1 620
2005-Jan-22 18:33:36 14555.8 205.232 1 616
2005-Jan-22 19:20:00 14211.2 196.784 1 620
2005-Jan-22 19:27:44 14511 191.072 1 619
2005-Jan-22 19:35:28 14029.1 198.16 1 621
2005-Jan-22 19:43:12 14157.8 201.609 1 625
2005-Jan-22 19:50:56 13716.2 193.752 1 625
2005-Jan-22 19:58:40 14365.5 199.297 1 620
2005-Jan-22 20:06:24 14565.6 193.293 1 618
2005-Jan-22 20:14:08 14240.5 187.926 1 619
2005-Jan-22 20:21:52 14194.2 188.706 1 620
2005-Jan-22 20:37:20 14111.5 229.305 1 619
2005-Jan-22 20:45:04 14240.3 216.836 1 623
2005-Jan-22 21:00:32 17613.5 191.406 1 621
2005-Jan-22 21:08:16 18374.5 189.214 1 619
2005-Jan-22 21:16:00 15303.6 193.511 1 623
2005-Jan-22 21:23:44 14627.4 188.986 1 623
2005-Jan-22 21:31:28 14040.6 184.63 1 622
2005-Jan-22 21:39:12 13865 184.404 1 621
2005-Jan-22 21:46:56 14084.2 183.926 1 619
2005-Jan-22 21:54:40 14164 185.098 1 620
2005-Jan-22 22:02:24 13933.6 185.697 1 620
2005-Jan-22 22:10:08 14510.1 185.522 1 623
2005-Jan-22 22:25:36 14063.5 206.903 1 619
2005-Jan-22 22:33:20 14514.5 193.098 1 621
2005-Jan-22 22:41:04 13761.8 188.317 1 619
2005-Jan-22 22:48:48 13622.8 190.626 1 624
2005-Jan-22 22:56:32 13690.5 192.377 1 624
2005-Jan-22 23:04:16 14072.5 197.392 1 620
2005-Jan-22 23:12:00 13926.1 190.964 1 622
2005-Jan-22 23:19:44 14025.3 196.896 1 622
2005-Jan-22 23:27:28 13940.6 192.196 1 621
2005-Jan-22 23:35:12 13522.3 191.407 1 623
#$3.98505e-17 -6.72568e-17 2
#deg max=45 0.785398
#dp_Δ max=-5e-07
#POWER_PROFILE stage=grid total_s=0.0757956
#POWER_PROFILE stage=bootstrap total_s=1.19538
#$4.90302e-17 -3.21388e-17 0
#deg max=175 3.05433
#dp_Δ max=2.5e-06
#POWER_PROFILE stage=grid total_s=0.0766386
#POWER_PROFILE stage=bootstrap total_s=1.1931
#$4.01565e-17 -9.55712e-17 1
#deg max=15 0.261799
#dp_Δ max=9.25e-06
#POWER_PROFILE stage=grid total_s=0.0758367
#POWER_PROFILE stage=bootstrap total_s=1.18892
#PROFILE segment=3 windows=38 fft_qc_s=0.075308 pack_s=0.0202803 stack_s=4.86749 fit_s=5.5611 total_s=10.5261
#Segment 2005-Jan-22 3 accepted_windows=38
#Start/Users/knishida/Projects/Autofocusing/repo/build-clang/matrix-audit-20050115-31/input/2005/0123/20050230000.h5 686 265.516s
#LOAD_PROFILE init_s=0.0410439 read_decode_copy_s=3.09445 filter_s=0.248006 total_s=3.3835
#Read data: load_h5 /Users/knishida/Projects/Autofocusing/repo/build-clang/matrix-audit-20050115-31/input/2005/0123/20050230000.h5 685 268.903s
2005-Jan-23 00:00:00 14719.5 186.2 1 619
2005-Jan-23 00:07:44 14707.7 188.775 1 624
2005-Jan-23 00:15:28 14336.7 187.717 1 620
2005-Jan-23 00:23:12 14013.7 192.675 1 621
2005-Jan-23 00:30:56 13801 189.386 1 621
2005-Jan-23 00:38:40 14085.9 189.674 1 621
2005-Jan-23 00:46:24 14286.9 209.961 1 624
2005-Jan-23 00:54:08 14827.8 233.191 1 621
2005-Jan-23 01:01:52 14477 231.087 1 624
2005-Jan-23 01:17:20 14049 193.446 1 624
2005-Jan-23 01:25:04 13767.4 181.537 1 623
2005-Jan-23 01:32:48 14751.8 192.25 1 623
2005-Jan-23 01:40:32 14470.1 196.208 1 623
2005-Jan-23 01:48:16 14241.7 195.013 1 624
2005-Jan-23 01:56:00 14133.2 200.725 1 624
2005-Jan-23 02:03:44 14508.6 191.966 1 624
2005-Jan-23 02:11:28 14551.5 196.74 1 621
2005-Jan-23 02:19:12 14257 196.324 1 622
2005-Jan-23 02:26:56 14129.2 196.833 1 624
2005-Jan-23 02:34:40 14078.9 197.854 1 624
2005-Jan-23 02:42:24 14145.8 194.14 1 626
2005-Jan-23 02:50:08 13869.5 190.794 1 622
2005-Jan-23 02:57:52 13879.8 196.687 1 624
2005-Jan-23 03:05:36 14515 205.417 1 624
2005-Jan-23 03:13:20 14098.2 205.558 1 625
2005-Jan-23 03:21:04 14234.8 196.695 1 626
2005-Jan-23 03:28:48 14514.8 199.108 1 623
2005-Jan-23 03:36:32 14107.6 203.903 1 625
2005-Jan-23 03:44:16 13946.3 216.497 1 624
2005-Jan-23 03:52:00 16249.4 236.485 1 623
2005-Jan-23 04:22:56 14518.4 210.111 1 625
2005-Jan-23 04:30:40 14402.2 212.49 1 623
2005-Jan-23 04:38:24 14253.1 201.366 1 625
2005-Jan-23 04:46:08 13758.4 198.76 1 624
2005-Jan-23 04:53:52 13987.7 199.962 1 625
2005-Jan-23 05:01:36 14398.7 198.384 1 629
2005-Jan-23 05:09:20 13999.1 204.288 1 628
2005-Jan-23 05:17:04 14142.6 206.205 1 628
#$3.01155e-17 -5.29102e-17 2
#deg max=100 1.74533
#dp_Δ max=-1.25e-06
#POWER_PROFILE stage=grid total_s=0.075851
#POWER_PROFILE stage=bootstrap total_s=1.19367
#$3.39468e-17 -2.85928e-17 0
#deg max=90 1.5708
#dp_Δ max=2.5e-07
#POWER_PROFILE stage=grid total_s=0.0758859
#POWER_PROFILE stage=bootstrap total_s=1.19604
#$3.08716e-17 -7.09566e-17 1
#deg max=175 3.05433
#dp_Δ max=-8.75e-06
#POWER_PROFILE stage=grid total_s=0.0767163
#POWER_PROFILE stage=bootstrap total_s=1.19193
#PROFILE segment=0 windows=38 fft_qc_s=0.0691061 pack_s=0.0205982 stack_s=4.92088 fit_s=5.1007 total_s=10.1131
#Segment 2005-Jan-23 0 accepted_windows=38
2005-Jan-23 09:09:04 14463.8 223.663 1 611
2005-Jan-23 09:16:48 14446 227.978 1 610
2005-Jan-23 09:24:32 14793.7 222.666 1 611
2005-Jan-23 09:32:16 14704 230.073 1 614
2005-Jan-23 09:40:00 13784.3 218.071 1 611
2005-Jan-23 09:47:44 14306.3 222.181 1 613
2005-Jan-23 09:55:28 14236.1 223.533 1 609
2005-Jan-23 10:34:08 15149.1 256.768 1 611
2005-Jan-23 10:41:52 15012.6 257.56 1 610
2005-Jan-23 10:49:36 14544.8 263.546 1 611
2005-Jan-23 11:05:04 14722.2 233.915 1 613
2005-Jan-23 11:12:48 14055.7 224.938 1 614
2005-Jan-23 11:20:32 15097.5 219.692 1 612
2005-Jan-23 11:28:16 14128 226.953 1 614
2005-Jan-23 11:36:00 14086 228.326 1 618
2005-Jan-23 11:43:44 13759.8 223.421 1 617
2005-Jan-23 11:51:28 14124.4 231.605 1 619
2005-Jan-23 11:59:12 14627.9 228.78 1 621
#$4.23122e-17 -6.86842e-17 2
#deg max=140 2.44346
#dp_Δ max=-1.25e-06
#POWER_PROFILE stage=grid total_s=0.0360041
#POWER_PROFILE stage=bootstrap total_s=0.565655
#deg max=25 0.436332
#dp_Δ max=-2e-05
#POWER_PROFILE stage=grid total_s=0.0360559
#POWER_PROFILE stage=bootstrap total_s=0.561186
#$4.84801e-17 -3.97257e-17 0
#deg max=175 3.05433
#dp_Δ max=4e-06
#POWER_PROFILE stage=grid total_s=0.0359977
#POWER_PROFILE stage=bootstrap total_s=0.563814
#$4.40335e-17 -9.26316e-17 1
#deg max=10 0.174533
#dp_Δ max=-5.75e-06
#POWER_PROFILE stage=grid total_s=0.036803
#POWER_PROFILE stage=bootstrap total_s=0.569788
#PROFILE segment=1 windows=18 fft_qc_s=0.0476303 pack_s=0.00966209 stack_s=2.28779 fit_s=3.35092 total_s=5.69789
#Segment 2005-Jan-23 1 accepted_windows=18
2005-Jan-23 11:51:28 14124.4 231.605 1 619
2005-Jan-23 11:59:12 14627.9 228.78 1 621
2005-Jan-23 12:06:56 13974.7 221.156 1 618
2005-Jan-23 12:14:40 14696.7 228.445 1 624
2005-Jan-23 12:22:24 14584 225.141 1 620
2005-Jan-23 12:30:08 14805.1 227.962 1 619
2005-Jan-23 12:37:52 14531.9 232.864 1 620
2005-Jan-23 12:45:36 14374.1 236.279 1 620
2005-Jan-23 12:53:20 14275 231.879 1 619
2005-Jan-23 13:01:04 14307.4 228.029 1 619
2005-Jan-23 13:08:48 14537 241.636 1 619
2005-Jan-23 13:16:32 14114 228.82 1 625
2005-Jan-23 13:24:16 14373.2 224.9 1 624
2005-Jan-23 13:32:00 13405.9 232.229 1 632
2005-Jan-23 13:39:44 13561.3 229.444 1 629
2005-Jan-23 13:47:28 14007.9 234.839 1 628
2005-Jan-23 13:55:12 14028.9 240.925 1 623
2005-Jan-23 14:02:56 13925.6 239.141 1 625
2005-Jan-23 14:10:40 14067.8 241.174 1 623
2005-Jan-23 14:18:24 14084 229.176 1 628
2005-Jan-23 14:26:08 14475.6 228.743 1 632
2005-Jan-23 14:33:52 14340.5 237.682 1 629
2005-Jan-23 14:41:36 14550.8 234.569 1 625
2005-Jan-23 14:49:20 14447.4 230.709 1 627
2005-Jan-23 14:57:04 14727.3 233.342 1 628
2005-Jan-23 15:04:48 14307.1 235.154 1 631
2005-Jan-23 15:12:32 14164.5 242.162 1 629
2005-Jan-23 15:20:16 14466.3 240.583 1 634
2005-Jan-23 15:28:00 13779.4 253.517 1 629
2005-Jan-23 15:35:44 16609.2 255.275 1 633
2005-Jan-23 15:43:28 15775.9 285.507 1 633
2005-Jan-23 15:51:12 14539.9 257.478 1 631
2005-Jan-23 15:58:56 14447.1 243.055 1 633
2005-Jan-23 16:06:40 14445.6 244.393 1 629
2005-Jan-23 16:14:24 14056.9 247.681 1 624
2005-Jan-23 16:22:08 13898.5 251.857 1 633
2005-Jan-23 16:29:52 14520.6 239.274 1 638
2005-Jan-23 16:37:36 14729.2 239.021 1 635
2005-Jan-23 16:45:20 14371.7 235.382 1 629
2005-Jan-23 16:53:04 13828.3 237.165 1 633
2005-Jan-23 17:00:48 14423 237.354 1 633
2005-Jan-23 17:08:32 13809.7 241.722 1 632
2005-Jan-23 17:16:16 14077 239.937 1 633
2005-Jan-23 17:24:00 14233.4 236.385 1 631
2005-Jan-23 17:31:44 14447.9 232.701 1 628
2005-Jan-23 17:39:28 14272 235.745 1 636
2005-Jan-23 17:47:12 14972.3 243.078 1 634
2005-Jan-23 17:54:56 14345.4 248.679 1 640
#$3.88958e-17 -5.85495e-17 2
#$4.11296e-17 -2.36237e-17 0
#$4.25874e-17 -9.73529e-17 1
#PROFILE segment=2 windows=48 fft_qc_s=0.0791301 pack_s=0.0258542 stack_s=6.22178 fit_s=0.001156 total_s=6.32995
#Segment 2005-Jan-23 2 accepted_windows=48
2005-Jan-23 17:47:12 14972.3 243.078 1 634
2005-Jan-23 17:54:56 14345.4 248.679 1 640
2005-Jan-23 18:02:40 14374.8 241.835 1 637
2005-Jan-23 18:10:24 14236.5 238.143 1 636
2005-Jan-23 18:18:08 13536.4 239.938 1 635
2005-Jan-23 18:25:52 14676.9 237.392 1 636
2005-Jan-23 18:33:36 13608 239.192 1 634
2005-Jan-23 18:41:20 14173.3 233.162 1 636
2005-Jan-23 18:49:04 13976.1 229.266 1 634
2005-Jan-23 18:56:48 13732.2 226.819 1 636
2005-Jan-23 19:04:32 14272 230.453 1 635
2005-Jan-23 19:12:16 14250.2 229.368 1 639
2005-Jan-23 19:20:00 13798.6 244.103 1 637
2005-Jan-23 19:27:44 13876.9 226.651 1 636
2005-Jan-23 19:35:28 14821.1 227.809 1 639
2005-Jan-23 19:43:12 14558.5 230.596 1 638
2005-Jan-23 19:50:56 14065.8 230.751 1 637
2005-Jan-23 19:58:40 13812.9 223.617 1 640
2005-Jan-23 20:14:08 13823.7 251.291 1 637
2005-Jan-23 20:21:52 14210.1 233.973 1 644
2005-Jan-23 20:29:36 13700.1 229.46 1 641
2005-Jan-23 20:37:20 13713.6 221.905 1 645
2005-Jan-23 20:45:04 13799.8 219.187 1 642
2005-Jan-23 20:52:48 13790.5 226.704 1 641
2005-Jan-23 21:00:32 14131.4 230.123 1 641
2005-Jan-23 21:08:16 14339.4 237.471 1 639
2005-Jan-23 21:16:00 14837.7 232.643 1 642
2005-Jan-23 21:23:44 14661.1 220.331 1 641
2005-Jan-23 21:31:28 14608.3 233.247 1 642
2005-Jan-23 21:39:12 13899.2 218.321 1 640
2005-Jan-23 21:46:56 14567.8 221.169 1 643
2005-Jan-23 21:54:40 14429.6 230.99 1 641
2005-Jan-23 22:02:24 14396.6 227.049 1 637
2005-Jan-23 22:10:08 14089.9 219.454 1 638
2005-Jan-23 22:17:52 13353.8 223.17 1 638
2005-Jan-23 22:25:36 13682.7 223.498 1 636
2005-Jan-23 22:33:20 14372 218.409 1 640
2005-Jan-23 22:41:04 13936.3 231.644 1 640
2005-Jan-23 22:48:48 13642.9 231.334 1 640
2005-Jan-23 22:56:32 14321.9 221.417 1 642
2005-Jan-23 23:04:16 14272.4 216.559 1 640
2005-Jan-23 23:12:00 13810.2 218.638 1 637
2005-Jan-23 23:19:44 14072.9 224.462 1 635
2005-Jan-23 23:27:28 13770.2 225.784 1 637
2005-Jan-23 23:35:12 14217 227.06 1 635
#$3.3256e-17 -5.28706e-17 2
#$3.52288e-17 -2.28338e-17 0
#$3.45374e-17 -8.3164e-17 1
#PROFILE segment=3 windows=45 fft_qc_s=0.07477 pack_s=0.024394 stack_s=5.93276 fit_s=0.0011685 total_s=6.03513
#Segment 2005-Jan-23 3 accepted_windows=45
#Start/Users/knishida/Projects/Autofocusing/repo/build-clang/matrix-audit-20050115-31/input/2005/0124/20050240000.h5 685 297.083s
#LOAD_PROFILE init_s=0.0407133 read_decode_copy_s=3.0792 filter_s=0.247334 total_s=3.36725
#Read data: load_h5 /Users/knishida/Projects/Autofocusing/repo/build-clang/matrix-audit-20050115-31/input/2005/0124/20050240000.h5 685 300.455s
2005-Jan-24 00:00:00 14577.9 227.982 1 635
2005-Jan-24 00:07:44 14539.9 230.104 1 633
2005-Jan-24 00:15:28 13772.9 233.446 1 633
2005-Jan-24 00:23:12 13596.3 238.435 1 632
2005-Jan-24 00:30:56 13672 228.785 1 631
2005-Jan-24 00:38:40 13475 232.773 1 629
2005-Jan-24 00:46:24 13553.3 239.153 1 630
2005-Jan-24 00:54:08 13817.3 227.597 1 630
2005-Jan-24 01:01:52 13786.8 241.513 1 631
2005-Jan-24 01:09:36 13720.7 235.817 1 631
2005-Jan-24 01:17:20 14399.7 234.574 1 630
2005-Jan-24 01:25:04 13982.2 229.766 1 632
2005-Jan-24 01:32:48 14044.2 238.536 1 634
2005-Jan-24 01:40:32 13900.4 240.993 1 632
2005-Jan-24 01:48:16 14247.6 232.093 1 630
2005-Jan-24 01:56:00 14133.4 234.987 1 630
2005-Jan-24 02:03:44 13793.1 238.312 1 631
2005-Jan-24 02:11:28 14700 246.45 1 630
2005-Jan-24 02:19:12 15711.6 251.413 1 630
2005-Jan-24 02:26:56 14610.4 241.37 1 631
2005-Jan-24 02:34:40 14471.4 255.791 1 631
2005-Jan-24 02:42:24 14294.3 249.989 1 633
2005-Jan-24 02:50:08 13999.1 243.773 1 631
2005-Jan-24 02:57:52 14553.4 240.404 1 633
2005-Jan-24 03:05:36 14159.5 246.587 1 628
2005-Jan-24 03:13:20 15092.5 254.072 1 634
2005-Jan-24 03:21:04 14460.7 253.056 1 634
2005-Jan-24 03:28:48 14473.1 243.114 1 633
2005-Jan-24 03:36:32 13955.7 246.746 1 631
2005-Jan-24 03:44:16 13985.8 256.059 1 630
2005-Jan-24 03:52:00 14410.8 257.399 1 632
2005-Jan-24 03:59:44 14377.6 262.171 1 631
2005-Jan-24 04:07:28 14107.9 259.997 1 635
2005-Jan-24 04:15:12 13942.1 250.493 1 633
2005-Jan-24 04:22:56 14409.5 248.956 1 634
2005-Jan-24 04:30:40 14449.2 266.933 1 632
2005-Jan-24 04:38:24 14793 266.866 1 635
2005-Jan-24 04:46:08 14000.9 277.01 1 633
2005-Jan-24 04:53:52 14390.2 268.392 1 634
#$3.17922e-17 -5.1098e-17 2
#$3.05089e-17 -2.73273e-17 0
#$2.87077e-17 -6.55664e-17 1
#PROFILE segment=0 windows=39 fft_qc_s=0.0635347 pack_s=0.0210371 stack_s=5.10548 fit_s=0.00117142 total_s=5.19306
#Segment 2005-Jan-24 0 accepted_windows=39
2005-Jan-24 08:07:12 14379.6 303.194 1 641
2005-Jan-24 08:14:56 25480.2 307.477 1 642
2005-Jan-24 08:22:40 33321.2 312.743 1 641
2005-Jan-24 08:30:24 16805.3 310.706 1 641
2005-Jan-24 08:38:08 15128.6 295.159 1 642
2005-Jan-24 09:09:04 14078.4 307.803 1 640
2005-Jan-24 09:16:48 14069.1 292.049 1 643
2005-Jan-24 09:24:32 13678.1 301.496 1 643
2005-Jan-24 09:32:16 14094 295.932 1 639
2005-Jan-24 09:40:00 14394.8 303.834 1 640
2005-Jan-24 09:47:44 14515 315.702 1 640
2005-Jan-24 09:55:28 17350.3 303.904 1 645
2005-Jan-24 10:03:12 18607.8 330.178 1 642
2005-Jan-24 10:10:56 14810.1 319.422 1 639
2005-Jan-24 10:18:40 14553.9 316.258 1 642
2005-Jan-24 10:26:24 14289.2 310.289 1 641
2005-Jan-24 10:34:08 14341.8 309.23 1 642
2005-Jan-24 10:41:52 13682.9 316.034 1 641
2005-Jan-24 10:49:36 13917 310.198 1 639
2005-Jan-24 10:57:20 13799.9 320.148 1 642
2005-Jan-24 11:05:04 13890.9 308.174 1 641
2005-Jan-24 11:12:48 13734.8 310.811 1 643
2005-Jan-24 11:20:32 13715.5 318.865 1 643
2005-Jan-24 11:28:16 14189.1 310.745 1 644
2005-Jan-24 11:36:00 13892.7 301.331 1 642
2005-Jan-24 11:43:44 14201.5 311.988 1 641
2005-Jan-24 11:51:28 14211.5 312.803 1 645
2005-Jan-24 11:59:12 13982.3 308.679 1 645
#$2.73888e-17 -4.81437e-17 2
#$3.42616e-17 -2.98619e-17 0
#$3.22424e-17 -7.94619e-17 1
#PROFILE segment=1 windows=28 fft_qc_s=0.0552442 pack_s=0.0152926 stack_s=3.71493 fit_s=0.00118204 total_s=3.78858
#Segment 2005-Jan-24 1 accepted_windows=28
2005-Jan-24 11:51:28 14211.5 312.803 1 645
2005-Jan-24 11:59:12 13982.3 308.679 1 645
2005-Jan-24 12:06:56 13961.2 303.675 1 642
2005-Jan-24 12:14:40 13519.5 295.106 1 643
2005-Jan-24 12:22:24 13828.4 306.226 1 643
2005-Jan-24 12:30:08 14151.8 314.263 1 643
2005-Jan-24 12:37:52 14149.9 315.95 1 641
2005-Jan-24 12:45:36 14291.9 303.672 1 645
2005-Jan-24 12:53:20 14105.8 318.04 1 645
2005-Jan-24 13:01:04 14078.7 314.646 1 642
2005-Jan-24 16:06:40 14618.8 288.163 1 641
2005-Jan-24 16:14:24 14205.8 279.96 1 640
2005-Jan-24 16:22:08 14034.7 278.545 1 638
2005-Jan-24 16:29:52 14111.3 278.812 1 640
2005-Jan-24 16:37:36 14423 285.451 1 637
2005-Jan-24 16:45:20 13877.1 280.579 1 635
2005-Jan-24 16:53:04 13341.1 277.412 1 636
2005-Jan-24 17:00:48 14033 278.509 1 641
2005-Jan-24 17:08:32 13826.3 262.156 1 636
2005-Jan-24 17:16:16 14166 270.053 1 633
2005-Jan-24 17:24:00 13809.5 258.92 1 632
2005-Jan-24 17:31:44 13279 263.297 1 630
2005-Jan-24 17:39:28 14015.9 264.49 1 631
2005-Jan-24 17:47:12 14497 261.04 1 628
2005-Jan-24 17:54:56 14419.4 244.299 1 631
#$2.67234e-17 -5.09991e-17 2
#deg max=15 0.261799
#dp_Δ max=-2e-06
#POWER_PROFILE stage=grid total_s=0.0498451
#POWER_PROFILE stage=bootstrap total_s=0.77981
#$3.27774e-17 -3.26026e-17 0
#deg max=55 0.959931
#dp_Δ max=2.5e-07
#POWER_PROFILE stage=grid total_s=0.0498516
#POWER_PROFILE stage=bootstrap total_s=0.785719
#$3.16335e-17 -8.15754e-17 1
#deg max=25 0.436332
#dp_Δ max=-5e-07
#POWER_PROFILE stage=grid total_s=0.0497997
#POWER_PROFILE stage=bootstrap total_s=0.782053
#PROFILE segment=2 windows=25 fft_qc_s=0.0425104 pack_s=0.0135687 stack_s=3.29846 fit_s=3.39258 total_s=6.74911
#Segment 2005-Jan-24 2 accepted_windows=25
2005-Jan-24 17:47:12 14497 261.04 1 628
2005-Jan-24 17:54:56 14419.4 244.299 1 631
2005-Jan-24 18:02:40 14060.6 256.853 1 628
2005-Jan-24 18:10:24 14532.2 245.403 1 623
2005-Jan-24 18:18:08 14407.5 250.829 1 625
2005-Jan-24 18:25:52 14215.3 243.987 1 626
2005-Jan-24 18:33:36 13702.5 245.437 1 624
2005-Jan-24 18:41:20 14163.7 247.804 1 626
2005-Jan-24 18:49:04 14295.3 231.505 1 625
2005-Jan-24 18:56:48 13233.9 242.13 1 625
2005-Jan-24 19:04:32 13888 242.981 1 626
2005-Jan-24 19:12:16 13829.5 220.731 1 621
2005-Jan-24 19:20:00 14595.8 227.597 1 618
2005-Jan-24 19:27:44 14457.9 241.433 1 622
2005-Jan-24 19:35:28 14292.6 227.755 1 622
2005-Jan-24 19:43:12 13667.3 223.21 1 619
2005-Jan-24 19:50:56 14477.3 213.952 1 611
2005-Jan-24 19:58:40 14360.2 229.717 1 613
2005-Jan-24 20:06:24 14154 228.76 1 610
2005-Jan-24 20:14:08 14367 224.804 1 610
2005-Jan-24 20:21:52 13895.5 209.668 1 608
2005-Jan-24 20:29:36 14070.2 204.321 1 611
2005-Jan-24 20:37:20 13641.3 207.609 1 605
2005-Jan-24 20:45:04 14124.1 204.005 1 600
2005-Jan-24 20:52:48 14535.6 211.845 1 601
2005-Jan-24 21:00:32 13972.2 207.543 1 596
2005-Jan-24 21:08:16 14208.5 215.703 1 599
2005-Jan-24 21:16:00 14360.1 205.352 1 598
2005-Jan-24 21:23:44 14349.9 207.464 1 595
2005-Jan-24 21:31:28 14635.1 215.786 1 596
2005-Jan-24 21:39:12 13879.1 205.324 1 589
2005-Jan-24 21:46:56 14855.4 195.854 1 589
2005-Jan-24 21:54:40 13910.5 194.272 1 589
2005-Jan-24 22:02:24 13997.5 184.411 1 591
2005-Jan-24 22:10:08 14405.8 194.423 1 590
2005-Jan-24 22:17:52 14537.9 188.674 1 593
2005-Jan-24 22:25:36 14041.3 185.489 1 591
2005-Jan-24 22:33:20 14045.5 188.06 1 585
2005-Jan-24 22:41:04 13616.1 190.086 1 586
2005-Jan-24 22:48:48 14443.6 192.904 1 583
2005-Jan-24 22:56:32 14725.6 186.578 1 583
2005-Jan-24 23:04:16 14759.1 184.505 1 579
2005-Jan-24 23:12:00 13906.7 184.486 1 576
2005-Jan-24 23:19:44 13547.5 184.482 1 581
2005-Jan-24 23:27:28 14284.5 181.301 1 573
2005-Jan-24 23:35:12 14169.1 178.426 1 572
#$1.52548e-17 -3.05618e-17 2
#deg max=20 0.349066
#dp_Δ max=-2.75e-06
#POWER_PROFILE stage=grid total_s=0.0914834
#POWER_PROFILE stage=bootstrap total_s=1.43662
#deg max=105 1.8326
#dp_Δ max=-1.325e-05
#POWER_PROFILE stage=grid total_s=0.0916787
#POWER_PROFILE stage=bootstrap total_s=1.43571
#$2.03689e-17 -1.81976e-17 0
#deg max=55 0.959931
#dp_Δ max=-3.5e-06
#POWER_PROFILE stage=grid total_s=0.0914086
#POWER_PROFILE stage=bootstrap total_s=1.43948
#$1.88658e-17 -5.24637e-17 1
#deg max=25 0.436332
#dp_Δ max=1e-06
#POWER_PROFILE stage=grid total_s=0.0923123
#POWER_PROFILE stage=bootstrap total_s=1.4369
#deg max=175 3.05433
#dp_Δ max=-2e-06
#POWER_PROFILE stage=grid total_s=0.0916562
#POWER_PROFILE stage=bootstrap total_s=1.43509
#PROFILE segment=3 windows=46 fft_qc_s=0.0756225 pack_s=0.0243485 stack_s=5.73417 fit_s=10.4135 total_s=16.2496
#Segment 2005-Jan-24 3 accepted_windows=46
#Start/Users/knishida/Projects/Autofocusing/repo/build-clang/matrix-audit-20050115-31/input/2005/0125/20050250000.h5 685 332.439s
#LOAD_PROFILE init_s=0.0391544 read_decode_copy_s=2.99329 filter_s=0.247895 total_s=3.28034
#Read data: load_h5 /Users/knishida/Projects/Autofocusing/repo/build-clang/matrix-audit-20050115-31/input/2005/0125/20050250000.h5 685 335.724s
2005-Jan-25 00:00:00 14334.6 173.023 1 575
2005-Jan-25 00:07:44 13940.8 173.345 1 577
2005-Jan-25 00:15:28 14144.5 177.616 1 575
2005-Jan-25 00:23:12 14086.7 180.447 1 571
2005-Jan-25 00:30:56 14372.8 175.741 1 575
2005-Jan-25 00:38:40 14472.2 174.885 1 568
2005-Jan-25 00:46:24 13999.3 168.555 1 576
2005-Jan-25 00:54:08 14127.1 170.841 1 572
2005-Jan-25 01:01:52 14679.3 166.641 1 570
2005-Jan-25 01:09:36 14793.3 166.051 1 564
2005-Jan-25 01:17:20 14494.7 171.172 1 563
2005-Jan-25 01:25:04 14239.9 174.009 1 563
2005-Jan-25 01:32:48 14359.9 174.655 1 562
2005-Jan-25 01:48:16 14061.9 170.206 1 564
2005-Jan-25 01:56:00 13964.7 168.406 1 563
2005-Jan-25 02:03:44 15179.5 166.375 1 561
2005-Jan-25 02:11:28 14806 162.727 1 564
2005-Jan-25 02:19:12 14586.9 168.397 1 567
2005-Jan-25 02:34:40 14463.9 170.61 1 564
2005-Jan-25 02:42:24 14709.7 170.582 1 567
2005-Jan-25 02:50:08 14305.3 169.028 1 563
2005-Jan-25 02:57:52 14410.3 165.742 1 566
2005-Jan-25 03:05:36 14768.9 171.718 1 565
2005-Jan-25 03:13:20 14256.8 161.448 1 565
2005-Jan-25 03:21:04 15321.8 159.467 1 562
2005-Jan-25 03:28:48 14559.4 167.162 1 567
2005-Jan-25 03:36:32 14670.7 171.908 1 568
2005-Jan-25 03:44:16 14654.6 166.179 1 562
2005-Jan-25 03:52:00 15091.9 170.156 1 567
2005-Jan-25 03:59:44 14887.5 161.433 1 565
2005-Jan-25 04:07:28 14368.2 161.699 1 566
2005-Jan-25 04:15:12 14035.1 163.285 1 569
2005-Jan-25 04:22:56 14535.5 164.603 1 571
2005-Jan-25 04:30:40 14232.6 165.444 1 571
2005-Jan-25 04:38:24 15008.1 167.288 1 577
2005-Jan-25 04:46:08 14710.1 165.418 1 574
2005-Jan-25 04:53:52 14742.2 163.768 1 572
2005-Jan-25 05:01:36 14253.2 168.341 1 570
2005-Jan-25 05:09:20 14556 174.954 1 576
2005-Jan-25 05:17:04 14001.2 173.057 1 579
2005-Jan-25 05:24:48 14288.3 174.028 1 571
2005-Jan-25 05:32:32 14089.8 168.891 1 575
2005-Jan-25 05:40:16 14469.6 166.136 1 578
2005-Jan-25 05:48:00 14020.2 162.904 1 577
2005-Jan-25 05:55:44 14689.9 170.456 1 578
2005-Jan-25 06:03:28 14553.9 174.106 1 582
#$1.83942e-17 -2.91858e-17 2
#deg max=25 0.436332
#dp_Δ max=-4.25e-06
#POWER_PROFILE stage=grid total_s=0.0915908
#POWER_PROFILE stage=bootstrap total_s=1.44113
#deg max=125 2.18166
#dp_Δ max=4.75e-06
#POWER_PROFILE stage=grid total_s=0.0916019
#POWER_PROFILE stage=bootstrap total_s=1.4527
#$2.3985e-17 -1.42885e-17 0
#deg max=35 0.610865
#dp_Δ max=-5e-07
#POWER_PROFILE stage=grid total_s=0.0925246
#POWER_PROFILE stage=bootstrap total_s=1.45312
#deg max=145 2.53073
#dp_Δ max=-2.75e-06
#POWER_PROFILE stage=grid total_s=0.0944876
#POWER_PROFILE stage=bootstrap total_s=1.44001
#$1.92307e-17 -4.33098e-17 1
#deg max=95 1.65806
#dp_Δ max=2.5e-07
#POWER_PROFILE stage=grid total_s=0.0915347
#POWER_PROFILE stage=bootstrap total_s=1.43759
#deg max=175 3.05433
#dp_Δ max=9.25e-06
#POWER_PROFILE stage=grid total_s=0.0917379
#POWER_PROFILE stage=bootstrap total_s=1.43921
#PROFILE segment=0 windows=46 fft_qc_s=0.0777537 pack_s=0.0237226 stack_s=5.4176 fit_s=11.8925 total_s=17.4134
#Segment 2005-Jan-25 0 accepted_windows=46
2005-Jan-25 05:55:44 14689.9 170.456 1 578
2005-Jan-25 06:03:28 14553.9 174.106 1 582
2005-Jan-25 06:11:12 14358.4 167.955 1 580
2005-Jan-25 06:18:56 14702.8 177.438 1 584
2005-Jan-25 06:26:40 14502.7 173.521 1 579
2005-Jan-25 06:34:24 14689.2 167.093 1 581
2005-Jan-25 06:42:08 14258.4 162.322 1 580
2005-Jan-25 06:49:52 14111.8 170.663 1 584
2005-Jan-25 06:57:36 14129.2 172.281 1 582
2005-Jan-25 07:05:20 14426.8 168.639 1 582
2005-Jan-25 07:13:04 14486.8 168.881 1 579
2005-Jan-25 07:20:48 14512.2 160.926 1 583
2005-Jan-25 07:28:32 14590 162.785 1 582
2005-Jan-25 07:36:16 14392.8 170.911 1 585
2005-Jan-25 07:44:00 14412.9 164.891 1 582
2005-Jan-25 07:51:44 14341.2 167.839 1 583
2005-Jan-25 07:59:28 14469.9 171.451 1 582
2005-Jan-25 08:07:12 13829.1 168.691 1 583
2005-Jan-25 11:05:04 14260.1 165.014 1 584
2005-Jan-25 11:12:48 14128.5 165.81 1 587
2005-Jan-25 11:20:32 14832 163.243 1 587
2005-Jan-25 11:28:16 14465.8 161.473 1 587
2005-Jan-25 11:36:00 13857.4 163.489 1 583
2005-Jan-25 11:43:44 14000.7 160.204 1 587
2005-Jan-25 11:51:28 14442.8 162.395 1 588
2005-Jan-25 11:59:12 14822.6 158.857 1 585
#$3.28352e-17 -4.37885e-17 2
#deg max=40 0.698132
#dp_Δ max=-2.75e-06
#POWER_PROFILE stage=grid total_s=0.0519124
#POWER_PROFILE stage=bootstrap total_s=0.813585
#$4.11271e-17 -2.19361e-17 0
#deg max=10 0.174533
#dp_Δ max=-2.75e-06
#POWER_PROFILE stage=grid total_s=0.0518853
#POWER_PROFILE stage=bootstrap total_s=0.821177
#$3.71438e-17 -6.81888e-17 1
#deg max=10 0.174533
#dp_Δ max=-5.75e-06
#POWER_PROFILE stage=grid total_s=0.0521191
#POWER_PROFILE stage=bootstrap total_s=0.817357
#PROFILE segment=1 windows=26 fft_qc_s=0.0457972 pack_s=0.0135801 stack_s=3.13171 fit_s=3.47446 total_s=6.66738
#Segment 2005-Jan-25 1 accepted_windows=26
2005-Jan-25 11:51:28 14442.8 162.395 1 588
2005-Jan-25 11:59:12 14822.6 158.857 1 585
2005-Jan-25 12:14:40 14604.5 175.763 1 586
2005-Jan-25 12:22:24 14433.5 168.488 1 591
2005-Jan-25 12:30:08 14285.9 170.119 1 591
2005-Jan-25 12:37:52 14258.2 167.09 1 594
2005-Jan-25 12:45:36 13942 162.709 1 593
2005-Jan-25 12:53:20 14399 166.989 1 591
2005-Jan-25 13:01:04 14699.3 164.7 1 593
2005-Jan-25 13:08:48 14439.1 164.862 1 592
2005-Jan-25 13:16:32 14567.1 165.279 1 595
2005-Jan-25 13:24:16 14389.8 158.751 1 591
2005-Jan-25 13:32:00 14708.8 156.336 1 595
2005-Jan-25 13:39:44 13807.7 166.11 1 593
2005-Jan-25 13:47:28 13854.2 162.308 1 593
2005-Jan-25 13:55:12 14742 168.383 1 595
2005-Jan-25 14:02:56 14689 175.872 1 595
2005-Jan-25 14:10:40 15106.3 164.57 1 595
2005-Jan-25 14:18:24 14228.5 165.792 1 592
2005-Jan-25 14:26:08 14312.9 164.183 1 595
2005-Jan-25 14:33:52 14284 166.469 1 598
2005-Jan-25 14:41:36 14138.4 177.689 1 594
2005-Jan-25 14:49:20 13925 173.799 1 598
2005-Jan-25 14:57:04 14078.6 169.891 1 598
2005-Jan-25 15:04:48 14495.1 166.467 1 597
2005-Jan-25 15:12:32 14655.5 174.056 1 598
2005-Jan-25 15:20:16 14267.1 160.961 1 600
2005-Jan-25 15:28:00 13988.7 164.01 1 599
2005-Jan-25 15:35:44 13621.2 178.341 1 594
2005-Jan-25 15:43:28 14414.6 176.96 1 598
2005-Jan-25 15:51:12 14232.3 175.725 1 598
2005-Jan-25 15:58:56 14460.2 180.15 1 603
2005-Jan-25 16:06:40 14304.5 177.197 1 601
2005-Jan-25 16:14:24 14146.4 178.053 1 599
2005-Jan-25 16:22:08 14607.4 185.631 1 601
2005-Jan-25 16:29:52 14168.1 185.252 1 602
2005-Jan-25 16:37:36 14459.4 186.889 1 603
2005-Jan-25 16:45:20 14081.1 182.28 1 604
2005-Jan-25 16:53:04 13957.4 182.564 1 601
2005-Jan-25 17:00:48 13603.3 181.821 1 606
2005-Jan-25 17:08:32 14313.1 180.521 1 602
2005-Jan-25 17:16:16 13841.6 179.591 1 605
2005-Jan-25 17:24:00 14468.5 177.381 1 605
2005-Jan-25 17:31:44 14618.6 177.423 1 606
2005-Jan-25 17:39:28 14657.2 179.246 1 608
2005-Jan-25 17:47:12 14325.8 181.163 1 608
2005-Jan-25 17:54:56 14931.8 180.359 1 608
#$2.35013e-17 -3.50806e-17 2
#deg max=95 1.65806
#dp_Δ max=1.75e-06
#POWER_PROFILE stage=grid total_s=0.0936688
#POWER_PROFILE stage=bootstrap total_s=1.47996
#$3.433e-17 -1.92805e-17 0
#deg max=140 2.44346
#dp_Δ max=2.5e-07
#POWER_PROFILE stage=grid total_s=0.0934895
#POWER_PROFILE stage=bootstrap total_s=1.46677
#$2.6285e-17 -6.05066e-17 1
#deg max=160 2.79253
#dp_Δ max=-2e-06
#POWER_PROFILE stage=grid total_s=0.0942208
#POWER_PROFILE stage=bootstrap total_s=1.4837
#PROFILE segment=2 windows=47 fft_qc_s=0.0784652 pack_s=0.0249453 stack_s=5.79908 fit_s=6.21916 total_s=12.1235
#Segment 2005-Jan-25 2 accepted_windows=47
2005-Jan-25 17:47:12 14325.8 181.163 1 608
2005-Jan-25 17:54:56 14931.8 180.359 1 608
2005-Jan-25 18:02:40 15018.3 183.947 1 608
2005-Jan-25 18:10:24 14418.1 182.357 1 608
2005-Jan-25 18:18:08 14906.8 179.188 1 611
2005-Jan-25 18:25:52 14470.8 178.241 1 608
2005-Jan-25 18:33:36 13843.8 184.984 1 608
2005-Jan-25 18:41:20 14298.3 188.287 1 614
2005-Jan-25 18:49:04 14841.6 207.005 1 612
2005-Jan-25 18:56:48 14405.5 201.904 1 613
2005-Jan-25 19:04:32 14140.3 189.223 1 614
2005-Jan-25 19:12:16 14877.7 185.421 1 612
2005-Jan-25 19:20:00 14772 189.798 1 615
2005-Jan-25 19:27:44 14948.2 189.928 1 617
2005-Jan-25 19:35:28 14611.2 180.318 1 616
2005-Jan-25 19:43:12 14657.1 186.974 1 619
2005-Jan-25 19:50:56 14092.1 192.083 1 617
2005-Jan-25 19:58:40 14515 185.581 1 617
2005-Jan-25 20:06:24 13939.6 190.907 1 623
2005-Jan-25 20:14:08 14875.8 182.394 1 619
2005-Jan-25 20:21:52 14792.6 180.061 1 617
2005-Jan-25 20:29:36 14425.6 176.808 1 622
2005-Jan-25 20:37:20 14193.8 178.791 1 617
2005-Jan-25 20:45:04 14535 178.332 1 617
2005-Jan-25 20:52:48 14256.1 177.031 1 620
2005-Jan-25 21:00:32 14078.8 173.751 1 620
2005-Jan-25 21:08:16 14046.9 184.403 1 619
2005-Jan-25 21:16:00 15275.1 177.26 1 622
2005-Jan-25 21:23:44 14950.3 173.553 1 620
2005-Jan-25 21:31:28 14355.8 172.839 1 619
2005-Jan-25 21:39:12 14202 172.905 1 624
2005-Jan-25 21:46:56 14092.3 167.276 1 623
2005-Jan-25 21:54:40 14255.7 171.085 1 625
2005-Jan-25 22:02:24 14573.5 168.941 1 618
2005-Jan-25 22:10:08 14461.2 165.544 1 619
2005-Jan-25 22:17:52 13763.6 168.437 1 623
2005-Jan-25 22:25:36 14303.7 168.32 1 625
2005-Jan-25 22:33:20 13945.9 168.705 1 624
2005-Jan-25 22:41:04 14595.5 166.685 1 624
2005-Jan-25 22:48:48 14243.9 164.118 1 624
2005-Jan-25 22:56:32 14280.2 165.634 1 621
2005-Jan-25 23:04:16 14133.3 168.391 1 623
2005-Jan-25 23:12:00 14258.9 162.957 1 626
2005-Jan-25 23:19:44 14206.8 169.54 1 626
2005-Jan-25 23:27:28 14264.1 169.028 1 626
2005-Jan-25 23:35:12 14131.2 178.604 1 627
#$2.25095e-17 -3.67143e-17 2
#deg max=45 0.785398
#dp_Δ max=-3.5e-06
#POWER_PROFILE stage=grid total_s=0.091586
#POWER_PROFILE stage=bootstrap total_s=1.43965
#deg max=20 0.349066
#dp_Δ max=-1.25e-06
#POWER_PROFILE stage=grid total_s=0.0920585
#POWER_PROFILE stage=bootstrap total_s=1.43193
#$2.86256e-17 -1.89723e-17 0
#deg max=135 2.35619
#dp_Δ max=-5.75e-06
#POWER_PROFILE stage=grid total_s=0.091825
#POWER_PROFILE stage=bootstrap total_s=1.43319
#$2.18326e-17 -5.3596e-17 1
#deg max=20 0.349066
#dp_Δ max=-2e-05
#POWER_PROFILE stage=grid total_s=0.0916757
#POWER_PROFILE stage=bootstrap total_s=1.43837
#PROFILE segment=3 windows=46 fft_qc_s=0.0753838 pack_s=0.024879 stack_s=5.86957 fit_s=7.99576 total_s=13.9676
#Segment 2005-Jan-25 3 accepted_windows=46
#Start/Users/knishida/Projects/Autofocusing/repo/build-clang/matrix-audit-20050115-31/input/2005/0126/20050260000.h5 685 385.9s
#LOAD_PROFILE init_s=0.0388466 read_decode_copy_s=3.05123 filter_s=0.250023 total_s=3.3401
#Read data: load_h5 /Users/knishida/Projects/Autofocusing/repo/build-clang/matrix-audit-20050115-31/input/2005/0126/20050260000.h5 686 389.244s
2005-Jan-26 00:15:28 14673.5 172.458 1 625
2005-Jan-26 00:23:12 14130.2 169.616 1 628
2005-Jan-26 00:30:56 14474.1 158.423 1 627
2005-Jan-26 00:38:40 14428.1 163.506 1 627
2005-Jan-26 00:46:24 14788.7 174.424 1 627
2005-Jan-26 00:54:08 14011.3 174.053 1 631
2005-Jan-26 01:01:52 14517.8 166.775 1 629
2005-Jan-26 01:09:36 14792.2 165.493 1 628
2005-Jan-26 01:17:20 14924.1 168.266 1 631
2005-Jan-26 01:25:04 14564.3 161.1 1 632
2005-Jan-26 02:03:44 15336.2 236.774 1 631
2005-Jan-26 02:11:28 18933.1 250.177 1 630
2005-Jan-26 02:57:52 15522.8 176.149 1 635
2005-Jan-26 03:05:36 15213.5 183.117 1 632
2005-Jan-26 03:13:20 14403.6 185.474 1 632
2005-Jan-26 03:21:04 14458.8 180.902 1 633
2005-Jan-26 03:28:48 14579.7 182.075 1 633
2005-Jan-26 03:36:32 14871.3 184.472 1 631
2005-Jan-26 04:15:12 14453 191.766 1 637
2005-Jan-26 04:22:56 14274 188.615 1 635
2005-Jan-26 04:30:40 14594.6 186.706 1 635
2005-Jan-26 04:38:24 14495.3 184.853 1 639
2005-Jan-26 04:46:08 14227.6 182.314 1 636
2005-Jan-26 04:53:52 14309.6 180.747 1 636
2005-Jan-26 05:01:36 14315.7 182.749 1 639
2005-Jan-26 05:09:20 14954.3 187.62 1 640
2005-Jan-26 05:17:04 14680 189.973 1 637
2005-Jan-26 05:24:48 14865 190.845 1 638
2005-Jan-26 05:32:32 14530.3 186.565 1 639
2005-Jan-26 05:40:16 14951.7 197.357 1 639
2005-Jan-26 05:48:00 13754.8 203.437 1 639
2005-Jan-26 05:55:44 14318.3 201.68 1 641
2005-Jan-26 06:03:28 14407.2 188.89 1 638
#$2.21813e-17 -3.75016e-17 2
#deg max=140 2.44346
#dp_Δ max=-1.25e-06
#POWER_PROFILE stage=grid total_s=0.0659372
#POWER_PROFILE stage=bootstrap total_s=1.04108
#$2.69983e-17 -2.16867e-17 0
#deg max=75 1.309
#dp_Δ max=-8e-06
#POWER_PROFILE stage=grid total_s=0.0659098
#POWER_PROFILE stage=bootstrap total_s=1.03438
#$2.16324e-17 -4.86213e-17 1
#PROFILE segment=0 windows=33 fft_qc_s=0.0773973 pack_s=0.0177964 stack_s=4.31562 fit_s=2.9044 total_s=7.31716
#Segment 2005-Jan-26 0 accepted_windows=33
2005-Jan-26 05:55:44 14318.3 201.68 1 641
2005-Jan-26 06:03:28 14407.2 188.89 1 638
2005-Jan-26 06:11:12 14399.5 195.586 1 640
2005-Jan-26 06:18:56 14536.3 193.944 1 642
2005-Jan-26 06:26:40 14178.3 194.225 1 641
2005-Jan-26 06:34:24 13968.9 196.895 1 639
2005-Jan-26 06:42:08 14673.8 204.187 1 641
2005-Jan-26 06:49:52 14345.7 204.153 1 639
2005-Jan-26 06:57:36 14219.1 196.876 1 640
2005-Jan-26 07:05:20 14348.5 200.11 1 642
2005-Jan-26 07:13:04 14294.9 211.642 1 640
2005-Jan-26 07:20:48 14378 213.836 1 639
2005-Jan-26 07:59:28 14209.3 215.716 1 642
2005-Jan-26 08:07:12 14183.6 195.713 1 639
2005-Jan-26 08:14:56 14806 214.059 1 637
2005-Jan-26 08:22:40 13853.2 216.19 1 638
2005-Jan-26 08:30:24 14188.9 211.583 1 641
2005-Jan-26 08:38:08 14724.8 212.66 1 643
2005-Jan-26 09:09:04 14137 220.396 1 641
2005-Jan-26 09:16:48 14092.7 213.736 1 640
2005-Jan-26 09:24:32 14391.5 215.228 1 645
2005-Jan-26 09:32:16 13691.6 210.951 1 643
2005-Jan-26 09:40:00 14337.8 219.457 1 642
2005-Jan-26 09:47:44 14212.3 206.964 1 643
2005-Jan-26 09:55:28 14845.7 210.712 1 646
2005-Jan-26 10:03:12 14791.7 214.865 1 642
2005-Jan-26 10:10:56 14713.5 207.179 1 648
2005-Jan-26 10:18:40 14577 204.826 1 647
2005-Jan-26 10:26:24 13302.2 213.061 1 643
2005-Jan-26 10:34:08 14734 217.688 1 648
2005-Jan-26 10:41:52 14481.9 214.157 1 646
2005-Jan-26 10:49:36 13996 218.022 1 645
2005-Jan-26 10:57:20 15021.1 220.58 1 646
2005-Jan-26 11:05:04 14971.7 205.817 1 646
2005-Jan-26 11:12:48 14243.5 216.031 1 648
2005-Jan-26 11:20:32 13519.6 207.562 1 650
2005-Jan-26 11:28:16 14421.2 216.274 1 647
2005-Jan-26 11:36:00 14677 218.233 1 650
2005-Jan-26 11:43:44 14747.1 217.151 1 649
2005-Jan-26 11:51:28 14345.5 210.862 1 646
2005-Jan-26 11:59:12 14520.6 216.021 1 651
#$2.3031e-17 -4.15289e-17 2
#deg max=105 1.8326
#dp_Δ max=-5.75e-06
#POWER_PROFILE stage=grid total_s=0.0820921
#POWER_PROFILE stage=bootstrap total_s=1.28334
#$2.68663e-17 -2.28486e-17 0
#deg max=60 1.0472
#dp_Δ max=4e-06
#POWER_PROFILE stage=grid total_s=0.0822938
#POWER_PROFILE stage=bootstrap total_s=1.28129
#$2.2079e-17 -5.43726e-17 1
#PROFILE segment=1 windows=41 fft_qc_s=0.0783946 pack_s=0.0223193 stack_s=5.44632 fit_s=3.64519 total_s=9.19416
#Segment 2005-Jan-26 1 accepted_windows=41
2005-Jan-26 11:51:28 14345.5 210.862 1 646
2005-Jan-26 11:59:12 14520.6 216.021 1 651
2005-Jan-26 12:06:56 13742.1 215.707 1 650
2005-Jan-26 12:14:40 14535.7 215.716 1 646
2005-Jan-26 12:22:24 14550.3 202.386 1 649
2005-Jan-26 12:30:08 14654.4 205.369 1 648
2005-Jan-26 12:37:52 14182.8 208.888 1 647
2005-Jan-26 12:45:36 14660.5 212.648 1 651
2005-Jan-26 12:53:20 14635.5 216.869 1 650
2005-Jan-26 13:01:04 14703.9 216.018 1 650
2005-Jan-26 13:08:48 14503.1 206.263 1 648
2005-Jan-26 13:16:32 15158.5 219.111 1 649
2005-Jan-26 13:24:16 13912.2 215.138 1 650
2005-Jan-26 13:32:00 14446.2 200.712 1 649
2005-Jan-26 13:39:44 14616.2 203.612 1 651
2005-Jan-26 13:47:28 13654.9 202.206 1 652
2005-Jan-26 13:55:12 14580 203.747 1 650
2005-Jan-26 14:02:56 15112.8 201.188 1 648
2005-Jan-26 14:10:40 14503.9 198.912 1 647
2005-Jan-26 14:26:08 14841.1 237.122 1 649
2005-Jan-26 14:41:36 14375.2 213.068 1 650
2005-Jan-26 14:49:20 14423.9 211.161 1 650
2005-Jan-26 14:57:04 14545.3 198.654 1 649
2005-Jan-26 15:04:48 14777.3 206.911 1 649
2005-Jan-26 15:12:32 15117.5 205.836 1 650
2005-Jan-26 15:20:16 15284.5 195.451 1 649
2005-Jan-26 15:28:00 15337.1 201.444 1 648
2005-Jan-26 15:35:44 14542.4 197.044 1 651
2005-Jan-26 15:43:28 14162.8 203.408 1 652
2005-Jan-26 15:51:12 14476.3 190.695 1 652
2005-Jan-26 15:58:56 14400.9 208.204 1 647
2005-Jan-26 16:06:40 14504.7 204.455 1 646
2005-Jan-26 16:14:24 14781.2 213.466 1 647
2005-Jan-26 16:22:08 14554.2 198.598 1 651
2005-Jan-26 16:29:52 14761.5 199.695 1 650
2005-Jan-26 16:37:36 14964.9 202.603 1 648
2005-Jan-26 16:45:20 14705.3 196.522 1 649
2005-Jan-26 16:53:04 14384.6 196.795 1 650
2005-Jan-26 17:00:48 14061.4 199.787 1 648
2005-Jan-26 17:08:32 14570.2 194.039 1 650
2005-Jan-26 17:16:16 14450.8 201.122 1 649
2005-Jan-26 17:24:00 14716.5 194.313 1 652
2005-Jan-26 17:31:44 14745.9 193.299 1 650
2005-Jan-26 17:39:28 14431.4 195.735 1 649
2005-Jan-26 17:47:12 14625.1 195.273 1 650
2005-Jan-26 17:54:56 14562.5 194.689 1 651
#$2.6182e-17 -4.64763e-17 2
#deg max=15 0.261799
#dp_Δ max=-9.5e-06
#POWER_PROFILE stage=grid total_s=0.0915071
#POWER_PROFILE stage=bootstrap total_s=1.43923
#deg max=75 1.309
#dp_Δ max=-2e-05
#POWER_PROFILE stage=grid total_s=0.0922205
#POWER_PROFILE stage=bootstrap total_s=1.43781
#$3.4762e-17 -2.83392e-17 0
#deg max=20 0.349066
#dp_Δ max=9.25e-06
#POWER_PROFILE stage=grid total_s=0.0928289
#POWER_PROFILE stage=bootstrap total_s=1.43701
#$2.82789e-17 -6.53353e-17 1
#deg max=20 0.349066
#dp_Δ max=-2e-06
#POWER_PROFILE stage=grid total_s=0.0917286
#POWER_PROFILE stage=bootstrap total_s=1.43571
#PROFILE segment=2 windows=46 fft_qc_s=0.0786679 pack_s=0.0250086 stack_s=6.16076 fit_s=7.75401 total_s=14.0203
#Segment 2005-Jan-26 2 accepted_windows=46
2005-Jan-26 17:47:12 14625.1 195.273 1 650
2005-Jan-26 17:54:56 14562.5 194.689 1 651
2005-Jan-26 18:02:40 15053.4 193.881 1 653
2005-Jan-26 18:10:24 14917.4 178.796 1 652
2005-Jan-26 18:18:08 14170.5 182.809 1 651
2005-Jan-26 18:25:52 14733.2 184.803 1 648
2005-Jan-26 18:33:36 14744.4 194.479 1 650
2005-Jan-26 18:41:20 14580.1 187.293 1 650
2005-Jan-26 18:49:04 14605 177.197 1 648
2005-Jan-26 18:56:48 14313.7 192.325 1 647
2005-Jan-26 19:04:32 14669.4 186.004 1 649
2005-Jan-26 19:12:16 14444.8 195.346 1 650
2005-Jan-26 19:20:00 14686.1 190.347 1 649
2005-Jan-26 19:27:44 14323.9 186.557 1 652
2005-Jan-26 19:35:28 14302.1 194.253 1 651
2005-Jan-26 19:43:12 14420.2 182.127 1 650
2005-Jan-26 19:50:56 14622.3 187.33 1 651
2005-Jan-26 19:58:40 14852.2 181.798 1 647
2005-Jan-26 20:06:24 14991.8 175.56 1 646
2005-Jan-26 20:14:08 14492.1 183.926 1 647
2005-Jan-26 20:21:52 15140.1 177.543 1 645
2005-Jan-26 20:29:36 14440.6 172.534 1 649
2005-Jan-26 20:37:20 15148.9 182.01 1 644
2005-Jan-26 20:45:04 14603.5 175.172 1 648
2005-Jan-26 20:52:48 14579 179.157 1 648
2005-Jan-26 21:00:32 14556 185.21 1 648
2005-Jan-26 21:08:16 14572.2 181.436 1 649
2005-Jan-26 21:16:00 14695.8 171.917 1 649
2005-Jan-26 21:23:44 14471 181.773 1 648
2005-Jan-26 21:31:28 13977.1 178.114 1 643
2005-Jan-26 21:39:12 14456.4 175.003 1 645
2005-Jan-26 21:46:56 14773.7 174.327 1 646
2005-Jan-26 21:54:40 14718.9 172.355 1 646
2005-Jan-26 22:02:24 14057.9 177.081 1 643
2005-Jan-26 22:10:08 14654.9 169.381 1 648
2005-Jan-26 22:17:52 14697.2 165.696 1 647
2005-Jan-26 22:25:36 14407.3 166.306 1 642
2005-Jan-26 22:33:20 13556.9 166.139 1 642
2005-Jan-26 22:41:04 14622.1 166.423 1 642
2005-Jan-26 22:48:48 14435.1 172.385 1 643
2005-Jan-26 22:56:32 15038.4 173.181 1 642
2005-Jan-26 23:04:16 14579.9 174.501 1 644
2005-Jan-26 23:12:00 14264.5 173.755 1 645
2005-Jan-26 23:19:44 14396.3 169.492 1 641
2005-Jan-26 23:27:28 14513.3 167.873 1 645
2005-Jan-26 23:35:12 14752.9 165.057 1 646
#$2.48095e-17 -4.62471e-17 2
#$3.62457e-17 -3.05376e-17 0
#$2.92609e-17 -6.93485e-17 1
#PROFILE segment=3 windows=46 fft_qc_s=0.0754811 pack_s=0.0251217 stack_s=6.1446 fit_s=0.00117446 total_s=6.24831
#Segment 2005-Jan-26 3 accepted_windows=46
#Start/Users/knishida/Projects/Autofocusing/repo/build-clang/matrix-audit-20050115-31/input/2005/0127/20050270000.h5 686 426.028s
#LOAD_PROFILE init_s=0.0411967 read_decode_copy_s=3.05111 filter_s=0.246852 total_s=3.33916
#Read data: load_h5 /Users/knishida/Projects/Autofocusing/repo/build-clang/matrix-audit-20050115-31/input/2005/0127/20050270000.h5 686 429.372s
2005-Jan-27 00:00:00 14765.4 168.197 1 639
2005-Jan-27 00:07:44 14219.4 172.02 1 643
2005-Jan-27 00:15:28 14044 175.565 1 640
2005-Jan-27 00:23:12 14583 168.241 1 641
2005-Jan-27 00:30:56 14415 167.439 1 643
2005-Jan-27 00:38:40 14782.7 159.878 1 645
2005-Jan-27 00:46:24 14583.9 170.271 1 643
2005-Jan-27 00:54:08 14338.2 174.437 1 638
2005-Jan-27 01:01:52 14446.9 180.892 1 640
2005-Jan-27 01:09:36 15010 186.445 1 640
2005-Jan-27 01:17:20 14641.9 168.614 1 640
2005-Jan-27 01:25:04 14720.1 156.005 1 638
2005-Jan-27 01:32:48 14644.4 158.278 1 640
2005-Jan-27 01:40:32 14527.4 167.475 1 637
2005-Jan-27 01:48:16 14320.5 164.58 1 641
2005-Jan-27 01:56:00 14170.1 155.557 1 641
2005-Jan-27 02:03:44 14978.7 166.463 1 640
2005-Jan-27 02:11:28 14434.2 159.903 1 639
2005-Jan-27 02:19:12 14296.5 165.701 1 637
2005-Jan-27 02:26:56 14220.2 184.948 1 639
2005-Jan-27 03:21:04 15181.6 168.505 1 638
2005-Jan-27 03:28:48 14193.7 167.86 1 638
2005-Jan-27 03:36:32 14414.8 162.601 1 634
2005-Jan-27 03:44:16 14832.8 157.645 1 637
2005-Jan-27 03:52:00 14658.9 160.928 1 637
2005-Jan-27 03:59:44 14543.4 157.38 1 634
2005-Jan-27 04:07:28 14386.7 160.409 1 637
2005-Jan-27 04:15:12 14243.6 166.518 1 636
2005-Jan-27 04:22:56 14364.3 162.459 1 638
2005-Jan-27 04:30:40 15094 164.614 1 636
2005-Jan-27 04:38:24 14742.6 167.391 1 637
2005-Jan-27 04:46:08 14731.3 160.688 1 637
2005-Jan-27 04:53:52 14355.7 162.899 1 639
2005-Jan-27 05:01:36 14228.7 158.973 1 635
2005-Jan-27 05:09:20 14299.1 164.251 1 637
2005-Jan-27 05:17:04 14470.9 164.124 1 637
2005-Jan-27 05:24:48 14717 161.421 1 640
2005-Jan-27 05:32:32 14679.4 157.762 1 637
2005-Jan-27 05:40:16 13768.8 163.886 1 638
2005-Jan-27 05:48:00 13987.3 158.483 1 637
2005-Jan-27 05:55:44 14730.9 155.801 1 635
2005-Jan-27 06:03:28 14548.8 162.026 1 634
#$1.9453e-17 -3.57438e-17 2
#deg max=25 0.436332
#dp_Δ max=-2e-06
#POWER_PROFILE stage=grid total_s=0.0835645
#POWER_PROFILE stage=bootstrap total_s=1.32579
#deg max=45 0.785398
#dp_Δ max=-1.85e-05
#POWER_PROFILE stage=grid total_s=0.0845975
#POWER_PROFILE stage=bootstrap total_s=1.32745
#$2.81793e-17 -2.33493e-17 0
#deg max=20 0.349066
#dp_Δ max=4e-06
#POWER_PROFILE stage=grid total_s=0.0840174
#POWER_PROFILE stage=bootstrap total_s=1.34153
#$2.15815e-17 -5.37276e-17 1
#deg max=140 2.44346
#dp_Δ max=-1.25e-06
#POWER_PROFILE stage=grid total_s=0.0857633
#POWER_PROFILE stage=bootstrap total_s=1.33634
#PROFILE segment=0 windows=42 fft_qc_s=0.0770895 pack_s=0.0229574 stack_s=5.54585 fit_s=7.63702 total_s=13.2848
#Segment 2005-Jan-27 0 accepted_windows=42
2005-Jan-27 05:55:44 14730.9 155.801 1 635
2005-Jan-27 06:03:28 14548.8 162.026 1 634
2005-Jan-27 06:11:12 13687.6 161.074 1 633
2005-Jan-27 06:18:56 13969.1 166.815 1 635
2005-Jan-27 06:26:40 13830.6 168.539 1 636
2005-Jan-27 06:34:24 14397.6 165.214 1 633
2005-Jan-27 06:42:08 14587.5 161.11 1 630
2005-Jan-27 06:49:52 14887.3 162.153 1 629
2005-Jan-27 09:09:04 14866.1 176.46 1 618
2005-Jan-27 09:16:48 14848.9 174.017 1 616
2005-Jan-27 09:24:32 14602.9 164.994 1 616
2005-Jan-27 09:32:16 15070 164.098 1 615
2005-Jan-27 09:40:00 14602.8 159.965 1 616
2005-Jan-27 09:47:44 14165.6 161.322 1 618
2005-Jan-27 09:55:28 14276.5 164.049 1 609
2005-Jan-27 10:03:12 14600.7 165.092 1 611
2005-Jan-27 10:10:56 14404.4 168.054 1 609
2005-Jan-27 10:18:40 14443.8 165.65 1 610
2005-Jan-27 10:26:24 13956.2 161.824 1 605
2005-Jan-27 10:34:08 14438.7 163.876 1 611
2005-Jan-27 10:41:52 14664.8 157.987 1 605
2005-Jan-27 10:49:36 14566.2 159.136 1 608
2005-Jan-27 10:57:20 14090.6 159.479 1 605
2005-Jan-27 11:05:04 14197.5 160.744 1 607
2005-Jan-27 11:12:48 14448.3 154.374 1 603
2005-Jan-27 11:20:32 14267.9 157.885 1 604
2005-Jan-27 11:28:16 14305.1 159.804 1 607
2005-Jan-27 11:36:00 13826.2 162.214 1 602
2005-Jan-27 11:43:44 13935 159.99 1 601
2005-Jan-27 11:51:28 14499.8 163.781 1 602
2005-Jan-27 11:59:12 14262.3 159.994 1 600
#$1.76355e-17 -3.12342e-17 2
#deg max=20 0.349066
#dp_Δ max=-2e-06
#POWER_PROFILE stage=grid total_s=0.062078
#POWER_PROFILE stage=bootstrap total_s=0.991959
#deg max=155 2.70526
#dp_Δ max=-1.025e-05
#POWER_PROFILE stage=grid total_s=0.0619379
#POWER_PROFILE stage=bootstrap total_s=0.983306
#$2.44195e-17 -1.77647e-17 0
#deg max=175 3.05433
#dp_Δ max=-8e-06
#POWER_PROFILE stage=grid total_s=0.062955
#POWER_PROFILE stage=bootstrap total_s=0.987731
#$1.98112e-17 -4.96055e-17 1
#deg max=10 0.174533
#dp_Δ max=-7.25e-06
#POWER_PROFILE stage=grid total_s=0.0622644
#PROFILE segment=1 windows=31 fft_qc_s=0.0807007 pack_s=0.016937 stack_s=3.96545 fit_s=4.81926 total_s=8.88415
#Segment 2005-Jan-27 1 accepted_windows=31
2005-Jan-27 11:51:28 14499.8 163.781 1 602
2005-Jan-27 11:59:12 14262.3 159.994 1 600
2005-Jan-27 12:06:56 13982.7 159.258 1 601
2005-Jan-27 12:14:40 14225.3 152.083 1 605
2005-Jan-27 12:22:24 13694.5 156.287 1 606
2005-Jan-27 12:30:08 15023.7 159.766 1 602
2005-Jan-27 12:37:52 14599.2 163.507 1 601
2005-Jan-27 12:45:36 14551.5 177.995 1 602
2005-Jan-27 13:47:28 14423.2 169.298 1 601
2005-Jan-27 13:55:12 14585.8 164.721 1 595
2005-Jan-27 14:02:56 14759.2 164.984 1 595
2005-Jan-27 14:10:40 14980.4 158.063 1 597
2005-Jan-27 14:18:24 14565.2 160.588 1 594
2005-Jan-27 14:33:52 14690.5 174.13 1 592
2005-Jan-27 15:04:48 17093.1 224.166 1 593
2005-Jan-27 15:35:44 15387.5 167.688 1 592
2005-Jan-27 15:43:28 14631.1 157.569 1 594
2005-Jan-27 15:51:12 14780.5 162.557 1 587
2005-Jan-27 16:53:04 20137.9 399.585 1 591
#$1.72487e-17 -3.14163e-17 2
#deg max=25 0.436332
#dp_Δ max=2.5e-07
#POWER_PROFILE stage=grid total_s=0.0379371
#POWER_PROFILE stage=bootstrap total_s=0.600383
#deg max=95 1.65806
#dp_Δ max=-3.5e-06
#POWER_PROFILE stage=grid total_s=0.0404943
#POWER_PROFILE stage=bootstrap total_s=0.602013
#deg max=90 1.5708
#dp_Δ max=1.75e-06
#POWER_PROFILE stage=grid total_s=0.0380239
#POWER_PROFILE stage=bootstrap total_s=0.602981
#$2.34132e-17 -1.6535e-17 0
#deg max=20 0.349066
#dp_Δ max=1e-06
#POWER_PROFILE stage=grid total_s=0.0392723
#POWER_PROFILE stage=bootstrap total_s=0.604426
#$1.83466e-17 -4.73465e-17 1
#deg max=5 0.0872665
#dp_Δ max=-1.475e-05
#POWER_PROFILE stage=grid total_s=0.0388094
#POWER_PROFILE stage=bootstrap total_s=0.603156
#PROFILE segment=2 windows=19 fft_qc_s=0.0770097 pack_s=0.0101196 stack_s=2.36553 fit_s=4.33127 total_s=6.78585
#Segment 2005-Jan-27 2 accepted_windows=19
2005-Jan-27 18:02:40 32266 510.093 1 582
2005-Jan-27 18:10:24 22209.4 493.134 1 583
2005-Jan-27 19:20:00 19114.3 321.95 1 583
2005-Jan-27 19:27:44 19970.9 292.347 1 583
2005-Jan-27 20:06:24 14834.6 171.401 1 588
2005-Jan-27 20:45:04 14985 172.321 1 583
2005-Jan-27 22:02:24 14874.9 169.739 1 588
2005-Jan-27 22:17:52 14954.4 152.944 1 582
2005-Jan-27 22:25:36 15884.1 163.463 1 589
2005-Jan-27 22:56:32 15166.8 244.089 1 588
2005-Jan-27 23:04:16 15398.7 234.942 1 590
#$1.73354e-17 -3.3482e-17 2
#deg max=45 0.785398
#dp_Δ max=-5.75e-06
#POWER_PROFILE stage=grid total_s=0.0220449
#POWER_PROFILE stage=bootstrap total_s=0.352066
#deg max=75 1.309
#dp_Δ max=-4.25e-06
#POWER_PROFILE stage=grid total_s=0.0230615
#POWER_PROFILE stage=bootstrap total_s=0.350985
#deg max=30 0.523599
#dp_Δ max=-2e-06
#POWER_PROFILE stage=grid total_s=0.0224231
#POWER_PROFILE stage=bootstrap total_s=0.349633
#deg max=135 2.35619
#dp_Δ max=-2e-05
#POWER_PROFILE stage=grid total_s=0.0230909
#POWER_PROFILE stage=bootstrap total_s=0.348643
#$2.04058e-17 -1.6139e-17 0
#deg max=110 1.91986
#dp_Δ max=1.75e-06
#POWER_PROFILE stage=grid total_s=0.0222156
#POWER_PROFILE stage=bootstrap total_s=0.350733
#deg max=155 2.70526
#dp_Δ max=-4.25e-06
#POWER_PROFILE stage=grid total_s=0.0221399
#POWER_PROFILE stage=bootstrap total_s=0.347652
#$1.54089e-17 -4.18425e-17 1
#deg max=30 0.523599
#dp_Δ max=2.5e-07
#POWER_PROFILE stage=grid total_s=0.0222845
#POWER_PROFILE stage=bootstrap total_s=0.351261
#deg max=50 0.872665
#dp_Δ max=2.5e-07
#POWER_PROFILE stage=grid total_s=0.0221323
#POWER_PROFILE stage=bootstrap total_s=0.347931
#PROFILE segment=3 windows=11 fft_qc_s=0.0741132 pack_s=0.00586084 stack_s=1.33268 fit_s=4.22235 total_s=5.63707
#Segment 2005-Jan-27 3 accepted_windows=11
#Start/Users/knishida/Projects/Autofocusing/repo/build-clang/matrix-audit-20050115-31/input/2005/0128/20050280000.h5 686 463.968s
#LOAD_PROFILE init_s=0.0409709 read_decode_copy_s=3.03721 filter_s=0.251143 total_s=3.32933
#Read data: load_h5 /Users/knishida/Projects/Autofocusing/repo/build-clang/matrix-audit-20050115-31/input/2005/0128/20050280000.h5 687 467.302s
2005-Jan-28 00:46:24 19727.4 259.612 1 587
2005-Jan-28 01:48:16 14263.2 113.444 1 585
2005-Jan-28 03:36:32 14586.1 117.457 1 579
2005-Jan-28 03:44:16 14920 112.823 1 577
2005-Jan-28 04:38:24 18760.8 227.196 1 564
2005-Jan-28 05:01:36 15208.2 198.354 1 569
2005-Jan-28 05:09:20 14895.9 193.315 1 568
2005-Jan-28 05:48:00 16276.4 139.359 1 563
2005-Jan-28 05:55:44 15380.5 146.667 1 571
2005-Jan-28 06:03:28 14769 137.336 1 571
#$1.05322e-17 -2.00887e-17 2
#deg max=25 0.436332
#dp_Δ max=-5e-07
#POWER_PROFILE stage=grid total_s=0.0200075
#POWER_PROFILE stage=bootstrap total_s=0.315514
#deg max=40 0.698132
#dp_Δ max=-6.5e-06
#POWER_PROFILE stage=grid total_s=0.0204676
#POWER_PROFILE stage=bootstrap total_s=0.318348
#deg max=95 1.65806
#dp_Δ max=-4.25e-06
#POWER_PROFILE stage=grid total_s=0.0201003
#POWER_PROFILE stage=bootstrap total_s=0.322345
#deg max=130 2.26893
#dp_Δ max=-5e-07
#POWER_PROFILE stage=grid total_s=0.0200589
#POWER_PROFILE stage=bootstrap total_s=0.319131
#deg max=125 2.18166
#dp_Δ max=-7.25e-06
#POWER_PROFILE stage=grid total_s=0.0208841
#POWER_PROFILE stage=bootstrap total_s=0.318491
#$1.2695e-17 -9.4323e-18 0
#deg max=50 0.872665
#dp_Δ max=-5e-07
#POWER_PROFILE stage=grid total_s=0.020029
#POWER_PROFILE stage=bootstrap total_s=0.318642
#deg max=25 0.436332
#dp_Δ max=2.5e-07
#POWER_PROFILE stage=grid total_s=0.022607
#POWER_PROFILE stage=bootstrap total_s=0.314404
#deg max=130 2.26893
#dp_Δ max=-1.25e-05
#POWER_PROFILE stage=grid total_s=0.0206055
#POWER_PROFILE stage=bootstrap total_s=0.318913
#$9.59852e-18 -2.47187e-17 1
#deg max=20 0.349066
#dp_Δ max=-1.55e-05
#POWER_PROFILE stage=grid total_s=0.0200554
#POWER_PROFILE stage=bootstrap total_s=0.322065
#deg max=60 1.0472
#dp_Δ max=-1.85e-05
#POWER_PROFILE stage=grid total_s=0.0200976
#POWER_PROFILE stage=bootstrap total_s=0.32124
#deg max=175 3.05433
#dp_Δ max=-1.25e-06
#POWER_PROFILE stage=grid total_s=0.0200642
#POWER_PROFILE stage=bootstrap total_s=0.320151
#PROFILE segment=0 windows=10 fft_qc_s=0.0772873 pack_s=0.00542346 stack_s=1.19385 fit_s=5.04172 total_s=6.32015
#Segment 2005-Jan-28 0 accepted_windows=10
2005-Jan-28 05:55:44 15380.5 146.667 1 571
2005-Jan-28 06:03:28 14769 137.336 1 571
2005-Jan-28 06:11:12 17485.4 152.755 1 569
2005-Jan-28 06:18:56 18075.6 167.687 1 570
2005-Jan-28 06:49:52 16130.9 133.341 1 571
2005-Jan-28 07:13:04 15078.8 135.412 1 562
2005-Jan-28 08:22:40 14299.7 128.945 1 564
2005-Jan-28 10:03:12 14089.4 106.487 1 561
2005-Jan-28 10:34:08 14345.8 103.244 1 564
2005-Jan-28 10:41:52 15015.6 107.427 1 562
2005-Jan-28 10:49:36 14575.6 107.268 1 562
#$1.06639e-17 -1.9414e-17 2
#deg max=15 0.261799
#dp_Δ max=2.5e-07
#POWER_PROFILE stage=grid total_s=0.0221142
#POWER_PROFILE stage=bootstrap total_s=0.349321
#deg max=50 0.872665
#dp_Δ max=-7.25e-06
#POWER_PROFILE stage=grid total_s=0.0220468
#POWER_PROFILE stage=bootstrap total_s=0.350338
#deg max=95 1.65806
#dp_Δ max=2.5e-07
#POWER_PROFILE stage=grid total_s=0.0221134
#POWER_PROFILE stage=bootstrap total_s=0.351486
#deg max=50 0.872665
#dp_Δ max=-5.75e-06
#POWER_PROFILE stage=grid total_s=0.0220661
#POWER_PROFILE stage=bootstrap total_s=0.351594
#deg max=35 0.610865
#dp_Δ max=-1.325e-05
#POWER_PROFILE stage=grid total_s=0.0221467
#POWER_PROFILE stage=bootstrap total_s=0.34805
#$1.19601e-17 -8.0241e-18 0
#deg max=75 1.309
#dp_Δ max=-1.25e-06
#POWER_PROFILE stage=grid total_s=0.0237108
#POWER_PROFILE stage=bootstrap total_s=0.352311
#deg max=30 0.523599
#dp_Δ max=2.5e-07
#POWER_PROFILE stage=grid total_s=0.0220877
#POWER_PROFILE stage=bootstrap total_s=0.345554
#deg max=140 2.44346
#dp_Δ max=-5e-07
#POWER_PROFILE stage=grid total_s=0.0234719
#$8.60642e-18 -2.23718e-17 1
#deg max=80 1.39626
#dp_Δ max=-1.7e-05
#POWER_PROFILE stage=grid total_s=0.0226228
#POWER_PROFILE stage=bootstrap total_s=0.354662
#deg max=90 1.5708
#dp_Δ max=1.75e-06
#POWER_PROFILE stage=grid total_s=0.0220772
#deg max=20 0.349066
#dp_Δ max=-1.775e-05
#POWER_PROFILE stage=grid total_s=0.0224816
#POWER_PROFILE stage=bootstrap total_s=0.349605
#deg max=25 0.436332
#dp_Δ max=-1.25e-06
#POWER_PROFILE stage=grid total_s=0.0224184
#POWER_PROFILE stage=bootstrap total_s=0.349967
#PROFILE segment=1 windows=11 fft_qc_s=0.0777665 pack_s=0.0057765 stack_s=1.29071 fit_s=5.51048 total_s=6.88663
#Segment 2005-Jan-28 1 accepted_windows=11
2005-Jan-28 12:14:40 14575.9 91.6601 1 561
2005-Jan-28 12:22:24 14341.2 86.2754 1 562
2005-Jan-28 13:24:16 14781.5 96.5098 1 570
2005-Jan-28 13:32:00 14456.9 101.033 1 571
2005-Jan-28 13:39:44 14261.4 93.5088 1 571
2005-Jan-28 13:47:28 14374.3 88.6512 1 571
2005-Jan-28 14:18:24 17326.5 131.09 1 575
2005-Jan-28 15:20:16 16946.4 241.754 1 582
2005-Jan-28 16:06:40 16029.2 133.953 1 585
2005-Jan-28 17:39:28 16789.8 139.106 1 584
#$1.01443e-17 -1.74239e-17 2
#deg max=20 0.349066
#dp_Δ max=-1.25e-06
#POWER_PROFILE stage=grid total_s=0.0209756
#POWER_PROFILE stage=bootstrap total_s=0.324116
#deg max=120 2.0944
#dp_Δ max=2.5e-07
#POWER_PROFILE stage=grid total_s=0.0201534
#POWER_PROFILE stage=bootstrap total_s=0.31672
#deg max=40 0.698132
#dp_Δ max=-7.25e-06
#POWER_PROFILE stage=grid total_s=0.0209748
#POWER_PROFILE stage=bootstrap total_s=0.321947
#$1.12159e-17 -6.98243e-18 0
#deg max=30 0.523599
#dp_Δ max=-3.5e-06
#POWER_PROFILE stage=grid total_s=0.0203879
#POWER_PROFILE stage=bootstrap total_s=0.3137
#deg max=60 1.0472
#dp_Δ max=-5e-07
#POWER_PROFILE stage=grid total_s=0.0216708
#POWER_PROFILE stage=bootstrap total_s=0.316884
#$7.76597e-18 -1.92565e-17 1
#deg max=85 1.48353
#dp_Δ max=-4.25e-06
#POWER_PROFILE stage=grid total_s=0.0219789
#POWER_PROFILE stage=bootstrap total_s=0.320238
#deg max=90 1.5708
#dp_Δ max=1e-06
#POWER_PROFILE stage=grid total_s=0.020075
#POWER_PROFILE stage=bootstrap total_s=0.32244
#deg max=55 0.959931
#dp_Δ max=-2e-05
#POWER_PROFILE stage=grid total_s=0.0202162
#POWER_PROFILE stage=bootstrap total_s=0.327847
#PROFILE segment=2 windows=10 fft_qc_s=0.0782347 pack_s=0.00532158 stack_s=1.18524 fit_s=3.83666 total_s=5.10731
#Segment 2005-Jan-28 2 accepted_windows=10
2005-Jan-28 21:00:32 14366.5 89.8835 1 591
2005-Jan-28 21:39:12 13825.6 87.729 1 595
2005-Jan-28 21:46:56 13876.3 80.8269 1 596
2005-Jan-28 21:54:40 15050.7 86.3841 1 598
2005-Jan-28 22:17:52 14713.9 76.8657 1 601
2005-Jan-28 22:25:36 14190.2 78.2007 1 598
2005-Jan-28 22:33:20 13891.6 76.0564 1 601
2005-Jan-28 22:41:04 14200.4 73.7727 1 598
2005-Jan-28 22:48:48 14379.3 76.3757 1 600
2005-Jan-28 22:56:32 13682.2 78.277 1 599
2005-Jan-28 23:04:16 14469.2 76.2044 1 607
2005-Jan-28 23:12:00 14436.3 81.7403 1 604
2005-Jan-28 23:35:12 14144 77.1321 1 606
#$6.95763e-18 -1.42091e-17 2
#deg max=20 0.349066
#dp_Δ max=-2e-06
#POWER_PROFILE stage=grid total_s=0.0269252
#POWER_PROFILE stage=bootstrap total_s=0.4132
#$6.77564e-18 -4.29455e-18 0
#deg max=25 0.436332
#dp_Δ max=-2e-06
#POWER_PROFILE stage=grid total_s=0.0265656
#POWER_PROFILE stage=bootstrap total_s=0.425095
#$4.67627e-18 -1.25737e-17 1
#deg max=65 1.13446
#dp_Δ max=2.5e-07
#POWER_PROFILE stage=grid total_s=0.0272143
#POWER_PROFILE stage=bootstrap total_s=0.413467
#deg max=10 0.174533
#dp_Δ max=9.25e-06
#POWER_PROFILE stage=grid total_s=0.0262029
#POWER_PROFILE stage=bootstrap total_s=0.40944
#PROFILE segment=3 windows=13 fft_qc_s=0.0440435 pack_s=0.00715279 stack_s=1.62109 fit_s=2.33746 total_s=4.01166
#Segment 2005-Jan-28 3 accepted_windows=13
#Start/Users/knishida/Projects/Autofocusing/repo/build-clang/matrix-audit-20050115-31/input/2005/0129/20050290000.h5 687 489.631s
#LOAD_PROFILE init_s=0.0413539 read_decode_copy_s=3.01768 filter_s=0.253407 total_s=3.31244
#Read data: load_h5 /Users/knishida/Projects/Autofocusing/repo/build-clang/matrix-audit-20050115-31/input/2005/0129/20050290000.h5 687 492.947s
2005-Jan-29 00:00:00 14018.8 82.481 1 604
2005-Jan-29 00:07:44 14138.5 78.5799 1 604
2005-Jan-29 00:15:28 14258.8 82.886 1 610
2005-Jan-29 00:23:12 14059.4 77.7865 1 609
2005-Jan-29 00:30:56 14034.5 75.0966 1 609
2005-Jan-29 00:38:40 14031.8 76.3094 1 611
2005-Jan-29 03:05:36 14758 83.9458 1 623
2005-Jan-29 03:13:20 14281.6 93.8599 1 622
2005-Jan-29 03:36:32 14423.9 72.2311 1 624
2005-Jan-29 03:44:16 14332.9 73.572 1 629
2005-Jan-29 03:52:00 14154.8 71.5679 1 628
2005-Jan-29 03:59:44 14527.5 73.3845 1 632
2005-Jan-29 04:07:28 14711 70.9539 1 626
2005-Jan-29 05:17:04 13858.8 73.5563 1 631
2005-Jan-29 05:24:48 14792.4 71.7296 1 630
2005-Jan-29 05:32:32 14249.3 71.5692 1 631
2005-Jan-29 05:40:16 13906.1 74.0594 1 630
2005-Jan-29 05:48:00 13734.2 73.038 1 631
2005-Jan-29 05:55:44 14459.9 77.9852 1 629
#$5.7112e-18 -1.33555e-17 2
#deg max=30 0.523599
#dp_Δ max=-2.75e-06
#POWER_PROFILE stage=grid total_s=0.0381327
#POWER_PROFILE stage=bootstrap total_s=0.602522
#$6.14544e-18 -4.38401e-18 0
#deg max=115 2.00713
#dp_Δ max=1.75e-06
#POWER_PROFILE stage=grid total_s=0.0392398
#POWER_PROFILE stage=bootstrap total_s=0.60351
#deg max=20 0.349066
#dp_Δ max=-2e-06
#POWER_PROFILE stage=grid total_s=0.0382056
#POWER_PROFILE stage=bootstrap total_s=0.603482
#deg max=85 1.48353
#dp_Δ max=1e-06
#POWER_PROFILE stage=grid total_s=0.037941
#POWER_PROFILE stage=bootstrap total_s=0.597875
#deg max=45 0.785398
#dp_Δ max=-1.25e-06
#POWER_PROFILE stage=grid total_s=0.039103
#$4.18641e-18 -1.19872e-17 1
#deg max=90 1.5708
#dp_Δ max=1e-06
#POWER_PROFILE stage=grid total_s=0.0393966
#POWER_PROFILE stage=bootstrap total_s=0.604908
#PROFILE segment=0 windows=19 fft_qc_s=0.048296 pack_s=0.0103516 stack_s=2.4443 fit_s=4.75646 total_s=7.26126
#Segment 2005-Jan-29 0 accepted_windows=19
2005-Jan-29 06:18:56 14431.8 74.0259 1 630
2005-Jan-29 06:26:40 14675.8 73.265 1 631
2005-Jan-29 06:34:24 14147.5 73.4169 1 631
2005-Jan-29 06:42:08 14002.7 72.335 1 629
2005-Jan-29 06:49:52 14557.7 72.6286 1 627
2005-Jan-29 06:57:36 14232.6 73.5248 1 629
2005-Jan-29 07:05:20 14418.5 75.9002 1 630
2005-Jan-29 07:13:04 14838.6 73.5021 1 630
2005-Jan-29 07:20:48 14561.8 73.0103 1 629
2005-Jan-29 07:28:32 14278.2 80.2827 1 629
2005-Jan-29 08:22:40 14464 74.7824 1 628
2005-Jan-29 08:30:24 14519.5 78.9314 1 628
2005-Jan-29 08:38:08 14264.1 78.3287 1 628
2005-Jan-29 09:09:04 13795.5 72.0716 1 629
2005-Jan-29 09:16:48 14386.2 73.8571 1 628
2005-Jan-29 09:24:32 14876.5 71.0834 1 626
2005-Jan-29 09:32:16 14135.1 73.0329 1 626
2005-Jan-29 09:40:00 14192 73.7394 1 629
2005-Jan-29 09:47:44 14600.5 71.4616 1 626
2005-Jan-29 09:55:28 14019.6 71.8992 1 626
2005-Jan-29 10:03:12 14416.9 71.0004 1 627
2005-Jan-29 10:10:56 14371.3 77.8219 1 627
2005-Jan-29 10:26:24 15376.4 83.4498 1 630
2005-Jan-29 10:34:08 21728.4 80.1141 1 626
2005-Jan-29 10:41:52 17789.2 82.0235 1 625
2005-Jan-29 10:49:36 14790.7 89.7898 1 626
2005-Jan-29 10:57:20 14897.9 96.3288 1 624
2005-Jan-29 11:51:28 14094.1 76.4638 1 620
2005-Jan-29 11:59:12 14194.3 77.4433 1 620
#$6.49863e-18 -1.40344e-17 2
#deg max=160 2.79253
#dp_Δ max=-4.25e-06
#POWER_PROFILE stage=grid total_s=0.0590245
#POWER_PROFILE stage=bootstrap total_s=0.918847
#$6.07741e-18 -4.10707e-18 0
#deg max=155 2.70526
#dp_Δ max=-4.25e-06
#POWER_PROFILE stage=grid total_s=0.0577947
#POWER_PROFILE stage=bootstrap total_s=0.914607
#$4.48648e-18 -1.22221e-17 1
#deg max=5 0.0872665
#dp_Δ max=-2.75e-06
#POWER_PROFILE stage=grid total_s=0.0586008
#POWER_PROFILE stage=bootstrap total_s=0.917758
#PROFILE segment=1 windows=29 fft_qc_s=0.0785186 pack_s=0.0158592 stack_s=3.76214 fit_s=3.96821 total_s=7.82658
#Segment 2005-Jan-29 1 accepted_windows=29
2005-Jan-29 11:51:28 14094.1 76.4638 1 620
2005-Jan-29 11:59:12 14194.3 77.4433 1 620
2005-Jan-29 12:06:56 14290.9 73.3562 1 626
2005-Jan-29 12:14:40 16525 72.3729 1 623
2005-Jan-29 12:22:24 14859.6 71.1415 1 625
2005-Jan-29 12:30:08 14224.4 78.7278 1 622
2005-Jan-29 12:37:52 14238.2 77.2557 1 624
2005-Jan-29 12:45:36 14096.1 79.0903 1 621
2005-Jan-29 13:24:16 14227.7 72.4994 1 621
2005-Jan-29 13:32:00 14162.2 71.2106 1 617
2005-Jan-29 13:39:44 14413.2 70.1741 1 618
2005-Jan-29 13:47:28 14490.4 68.5405 1 620
2005-Jan-29 13:55:12 14464.4 68.9015 1 617
2005-Jan-29 14:02:56 13522.3 68.2729 1 625
2005-Jan-29 14:10:40 13919.1 68.4374 1 620
2005-Jan-29 14:18:24 14026.5 70.2618 1 616
2005-Jan-29 15:28:00 37577.1 169.909 1 616
2005-Jan-29 16:22:08 14972.2 106.852 1 613
2005-Jan-29 16:29:52 14692 98.7816 1 607
2005-Jan-29 16:37:36 16189.7 90.7211 1 607
2005-Jan-29 17:16:16 14172.3 74.8639 1 604
2005-Jan-29 17:24:00 14463 71.6938 1 602
2005-Jan-29 17:31:44 14664.8 72.1929 1 602
2005-Jan-29 17:39:28 14681 70.0611 1 604
2005-Jan-29 17:47:12 14113.3 69.5527 1 603
2005-Jan-29 17:54:56 14330.1 70.0243 1 604
#$6.56752e-18 -1.32787e-17 2
#deg max=160 2.79253
#dp_Δ max=-2.75e-06
#POWER_PROFILE stage=grid total_s=0.0522599
#POWER_PROFILE stage=bootstrap total_s=0.824553
#$6.51256e-18 -4.15172e-18 0
#deg max=150 2.61799
#dp_Δ max=-5e-07
#POWER_PROFILE stage=grid total_s=0.0526602
#POWER_PROFILE stage=bootstrap total_s=0.822939
#$4.97516e-18 -1.18949e-17 1
#deg max=30 0.523599
#dp_Δ max=-5e-06
#POWER_PROFILE stage=grid total_s=0.0522663
#POWER_PROFILE stage=bootstrap total_s=0.821809
#PROFILE segment=2 windows=26 fft_qc_s=0.0778844 pack_s=0.0139546 stack_s=3.30646 fit_s=3.55825 total_s=6.95848
#Segment 2005-Jan-29 2 accepted_windows=26
2005-Jan-29 17:47:12 14113.3 69.5527 1 603
2005-Jan-29 17:54:56 14330.1 70.0243 1 604
2005-Jan-29 18:10:24 14579.7 82.808 1 598
2005-Jan-29 18:25:52 14050.1 71.6361 1 600
2005-Jan-29 18:33:36 14113.2 71.6902 1 602
2005-Jan-29 18:41:20 14460.8 75.1349 1 599
2005-Jan-29 19:12:16 15150.8 72.0088 1 599
2005-Jan-29 19:20:00 14859.4 70.7705 1 597
2005-Jan-29 19:27:44 14455.8 71.2363 1 598
2005-Jan-29 19:35:28 14682.9 76.9854 1 599
2005-Jan-29 19:43:12 14788.8 71.8476 1 601
2005-Jan-29 19:50:56 14702.6 71.1784 1 601
2005-Jan-29 19:58:40 14513 70.3361 1 596
2005-Jan-29 20:06:24 14182.4 66.6845 1 598
2005-Jan-29 20:14:08 14373.9 68.5073 1 595
2005-Jan-29 20:21:52 14025.2 68.9969 1 592
2005-Jan-29 20:29:36 14563.4 71.1257 1 593
2005-Jan-29 20:37:20 14087.9 70.7775 1 592
2005-Jan-29 20:45:04 13689.9 69.6014 1 593
2005-Jan-29 20:52:48 15420.1 74.7356 1 597
2005-Jan-29 21:00:32 15238.6 78.9131 1 600
2005-Jan-29 21:08:16 14710.6 83.0627 1 603
2005-Jan-29 21:23:44 14898 70.8605 1 597
2005-Jan-29 21:31:28 14861.7 73.3238 1 599
2005-Jan-29 21:39:12 14994.4 72.6455 1 599
2005-Jan-29 21:46:56 14688.4 72.3535 1 602
2005-Jan-29 21:54:40 14776.3 70.5934 1 602
2005-Jan-29 22:02:24 14588.6 72.0002 1 606
2005-Jan-29 22:10:08 14650.4 73.0634 1 608
2005-Jan-29 22:17:52 14525.9 75.0212 1 606
2005-Jan-29 22:25:36 14486 75.0214 1 609
2005-Jan-29 22:33:20 14734.2 76.2043 1 610
2005-Jan-29 22:41:04 14468.9 75.4912 1 612
2005-Jan-29 22:48:48 14579.8 75.0215 1 614
2005-Jan-29 22:56:32 14307.7 74.621 1 611
2005-Jan-29 23:04:16 14706.9 76.8758 1 612
2005-Jan-29 23:12:00 14410.4 81.9713 1 611
2005-Jan-29 23:19:44 14726.5 83.5339 1 613
2005-Jan-29 23:27:28 13897.3 75.0144 1 617
2005-Jan-29 23:35:12 14436.1 74.9885 1 615
#$1.64382e-17 -2.08748e-17 2
#deg max=155 2.70526
#dp_Δ max=-1.25e-06
#POWER_PROFILE stage=grid total_s=0.079581
#POWER_PROFILE stage=bootstrap total_s=1.27448
#$1.69151e-17 -1.34034e-17 0
#deg max=140 2.44346
#dp_Δ max=2.5e-07
#POWER_PROFILE stage=grid total_s=0.0796248
#POWER_PROFILE stage=bootstrap total_s=1.26639
#$1.53392e-17 -2.38433e-17 1
#deg max=15 0.261799
#dp_Δ max=1e-06
#POWER_PROFILE stage=grid total_s=0.0810313
#POWER_PROFILE stage=bootstrap total_s=1.26567
#PROFILE segment=3 windows=40 fft_qc_s=0.0760378 pack_s=0.0214245 stack_s=4.98901 fit_s=5.43976 total_s=10.528
#Segment 2005-Jan-29 3 accepted_windows=40
#Start/Users/knishida/Projects/Autofocusing/repo/build-clang/matrix-audit-20050115-31/input/2005/0130/20050300000.h5 687 525.525s
#LOAD_PROFILE init_s=0.0398898 read_decode_copy_s=2.97706 filter_s=0.250231 total_s=3.26718
#Read data: load_h5 /Users/knishida/Projects/Autofocusing/repo/build-clang/matrix-audit-20050115-31/input/2005/0130/20050300000.h5 687 528.796s
2005-Jan-30 00:00:00 14983.2 77.248 1 618
2005-Jan-30 00:07:44 14989.7 76.1011 1 621
2005-Jan-30 00:15:28 14552.9 78.9113 1 623
2005-Jan-30 00:23:12 15116.7 82.9395 1 627
2005-Jan-30 00:30:56 14356.6 77.8143 1 620
2005-Jan-30 00:38:40 15198.1 78.7805 1 623
2005-Jan-30 00:46:24 14564.9 75.9646 1 628
2005-Jan-30 00:54:08 15364.8 77.4746 1 622
2005-Jan-30 01:01:52 15129.5 77.1668 1 622
2005-Jan-30 01:09:36 14983.9 81.1052 1 626
2005-Jan-30 01:17:20 15273.4 80.8999 1 627
2005-Jan-30 01:25:04 15255.9 81.1343 1 624
2005-Jan-30 01:32:48 15230 84.5994 1 626
2005-Jan-30 01:40:32 15225.8 87.7779 1 627
2005-Jan-30 01:48:16 15422.5 85.9026 1 627
2005-Jan-30 02:19:12 15632.8 82.8377 1 630
2005-Jan-30 02:26:56 14927.5 79.7297 1 630
2005-Jan-30 02:34:40 14934.8 81.5936 1 629
2005-Jan-30 02:42:24 14864.4 80.4145 1 625
2005-Jan-30 02:50:08 14579.9 81.2511 1 630
2005-Jan-30 02:57:52 14973.5 80.754 1 633
2005-Jan-30 03:05:36 14941.8 83.7042 1 629
2005-Jan-30 03:13:20 14764.1 84.6525 1 632
2005-Jan-30 03:21:04 14674.8 89.0615 1 632
2005-Jan-30 03:28:48 14481.3 89.5335 1 633
2005-Jan-30 03:36:32 15977.9 89.1184 1 632
2005-Jan-30 03:44:16 17778.4 89.2665 1 635
2005-Jan-30 03:52:00 14897.8 92.2223 1 635
2005-Jan-30 03:59:44 14616.7 94.4016 1 633
2005-Jan-30 04:07:28 15168.6 102.662 1 633
2005-Jan-30 04:15:12 15521.7 106.821 1 629
2005-Jan-30 04:53:52 15582.7 104.659 1 632
2005-Jan-30 05:01:36 15168.6 114.364 1 633
2005-Jan-30 05:09:20 15113.5 123.601 1 630
#$7.93769e-17 -8.65793e-17 2
#$7.19028e-17 -5.65134e-17 0
#$7.04479e-17 -1.03735e-16 1
#PROFILE segment=0 windows=34 fft_qc_s=0.0774964 pack_s=0.0183617 stack_s=4.41506 fit_s=0.00134362 total_s=4.51417
#Segment 2005-Jan-30 0 accepted_windows=34
2005-Jan-30 06:18:56 14882.7 177.315 1 633
2005-Jan-30 06:26:40 15202.9 173.703 1 630
2005-Jan-30 06:34:24 14912.2 177.417 1 631
2005-Jan-30 06:42:08 14845.2 175.923 1 632
2005-Jan-30 06:49:52 14678.8 187.569 1 629
2005-Jan-30 06:57:36 15477.6 194.032 1 632
2005-Jan-30 07:13:04 15392.3 243.321 1 630
2005-Jan-30 07:51:44 14920.6 262.975 1 628
2005-Jan-30 07:59:28 15053.4 279.909 1 629
2005-Jan-30 08:07:12 15025.3 284.445 1 628
2005-Jan-30 08:14:56 14696.6 282.602 1 630
2005-Jan-30 08:22:40 15060.2 295.845 1 626
2005-Jan-30 08:30:24 15293.5 304.058 1 627
2005-Jan-30 08:38:08 15344.4 309.963 1 626
2005-Jan-30 09:09:04 14657.7 352.341 1 624
2005-Jan-30 09:16:48 14500.2 370.147 1 624
2005-Jan-30 09:24:32 18203.3 400.178 1 623
2005-Jan-30 09:32:16 17692.5 442.318 1 623
2005-Jan-30 09:47:44 14678.3 382.803 1 625
2005-Jan-30 09:55:28 15149.7 403.194 1 623
2005-Jan-30 10:03:12 14908.1 395.413 1 619
2005-Jan-30 10:10:56 15161.3 378.09 1 623
2005-Jan-30 10:18:40 15407 402.205 1 621
2005-Jan-30 10:26:24 14712.8 401.737 1 617
2005-Jan-30 10:34:08 14731.4 399.826 1 619
2005-Jan-30 10:41:52 15002.1 410.117 1 619
2005-Jan-30 10:49:36 15454.4 435.739 1 621
2005-Jan-30 10:57:20 14956 402.114 1 619
2005-Jan-30 11:05:04 14610.3 414.067 1 617
2005-Jan-30 11:12:48 14880.5 436.037 1 619
2005-Jan-30 11:20:32 14908.8 421.023 1 621
2005-Jan-30 11:28:16 14782.5 431.908 1 621
2005-Jan-30 11:36:00 14659.8 443.335 1 618
2005-Jan-30 11:43:44 14853.6 456.625 1 619
2005-Jan-30 11:51:28 16456.6 476.522 1 619
2005-Jan-30 11:59:12 16908.6 488.033 1 620
#$1.37212e-16 -1.57786e-16 2
#$1.50896e-16 -8.81187e-17 0
#$1.45265e-16 -2.58183e-16 1
#PROFILE segment=1 windows=36 fft_qc_s=0.0774405 pack_s=0.0195236 stack_s=4.64563 fit_s=0.00114796 total_s=4.7458
#Segment 2005-Jan-30 1 accepted_windows=36
2005-Jan-30 11:51:28 16456.6 476.522 1 619
2005-Jan-30 11:59:12 16908.6 488.033 1 620
2005-Jan-30 12:06:56 14777.2 449.45 1 619
2005-Jan-30 12:14:40 14813.4 446.713 1 620
2005-Jan-30 12:22:24 15118.1 456.369 1 619
2005-Jan-30 12:30:08 14940 459.418 1 619
2005-Jan-30 12:37:52 14584.5 449.379 1 621
2005-Jan-30 12:45:36 14225.9 435.976 1 625
2005-Jan-30 12:53:20 14461 435.893 1 619
2005-Jan-30 13:01:04 14611.7 436.032 1 620
2005-Jan-30 13:08:48 14587.7 435.819 1 617
2005-Jan-30 13:16:32 15102.4 444.759 1 619
2005-Jan-30 13:24:16 14893.8 449.252 1 620
2005-Jan-30 13:32:00 14696.3 447.966 1 616
2005-Jan-30 13:39:44 14513.2 449.8 1 617
2005-Jan-30 13:47:28 14880 442.678 1 619
2005-Jan-30 13:55:12 15252.4 429.971 1 621
2005-Jan-30 14:02:56 15222.7 445.679 1 619
2005-Jan-30 14:10:40 14844.5 445.713 1 618
2005-Jan-30 14:18:24 15216.4 458.122 1 620
2005-Jan-30 14:26:08 14949.6 477.639 1 619
2005-Jan-30 14:33:52 14467 485.272 1 613
2005-Jan-30 14:41:36 14767.4 466.681 1 614
2005-Jan-30 14:49:20 14281.9 464.027 1 616
2005-Jan-30 14:57:04 14376.4 455.588 1 616
2005-Jan-30 15:04:48 14608.4 449.941 1 614
2005-Jan-30 15:12:32 15082.3 456.607 1 606
2005-Jan-30 15:20:16 14818.3 452.215 1 613
2005-Jan-30 15:28:00 15340.1 454.065 1 611
2005-Jan-30 15:35:44 14497.5 458.011 1 610
2005-Jan-30 15:43:28 15995.1 493.039 1 609
2005-Jan-30 15:51:12 16634.2 511.508 1 608
2005-Jan-30 15:58:56 15204.5 507.288 1 608
2005-Jan-30 16:06:40 14734.1 511.123 1 608
2005-Jan-30 16:14:24 15127.8 506.956 1 607
2005-Jan-30 16:29:52 15128.5 540.475 1 602
2005-Jan-30 16:37:36 15097.9 487.155 1 609
2005-Jan-30 16:45:20 14589.8 489.374 1 604
2005-Jan-30 16:53:04 15430.4 497.599 1 609
2005-Jan-30 17:00:48 15498.8 500.504 1 603
2005-Jan-30 17:08:32 16362.4 549.395 1 608
2005-Jan-30 17:16:16 16163.5 590.377 1 608
2005-Jan-30 17:24:00 15843.8 540.354 1 607
2005-Jan-30 17:31:44 15937 534.826 1 608
2005-Jan-30 17:39:28 25495.3 517.428 1 606
2005-Jan-30 17:47:12 21706.7 533.42 1 602
2005-Jan-30 17:54:56 17263.6 557.953 1 601
#$1.31169e-16 -1.57758e-16 2
#$1.52326e-16 -8.09501e-17 0
#$1.55105e-16 -3.03716e-16 1
#PROFILE segment=2 windows=47 fft_qc_s=0.0780251 pack_s=0.0252261 stack_s=5.96629 fit_s=0.00114225 total_s=6.07265
#Segment 2005-Jan-30 2 accepted_windows=47
2005-Jan-30 17:47:12 21706.7 533.42 1 602
2005-Jan-30 17:54:56 17263.6 557.953 1 601
2005-Jan-30 18:02:40 16451 539.064 1 601
2005-Jan-30 18:10:24 15845.6 542.045 1 602
2005-Jan-30 18:18:08 15521.9 553.958 1 604
2005-Jan-30 18:25:52 15800.2 557.068 1 601
2005-Jan-30 18:33:36 15194.7 553.494 1 598
2005-Jan-30 18:41:20 14430.3 534.555 1 601
2005-Jan-30 18:49:04 14947 525.742 1 600
2005-Jan-30 18:56:48 15035.9 518.295 1 602
2005-Jan-30 19:04:32 14578.5 541.024 1 594
2005-Jan-30 19:12:16 14686.1 561.622 1 597
2005-Jan-30 19:20:00 14892.7 571.047 1 601
2005-Jan-30 19:27:44 14631.3 554.586 1 600
2005-Jan-30 19:35:28 15109.8 553.535 1 603
2005-Jan-30 19:43:12 15624.5 537.742 1 604
2005-Jan-30 19:50:56 15548.9 558.72 1 599
2005-Jan-30 19:58:40 14965.5 573.156 1 600
2005-Jan-30 20:06:24 14681.2 609.505 1 599
2005-Jan-30 20:14:08 14903.7 571.916 1 600
2005-Jan-30 20:21:52 15291.2 589.316 1 599
2005-Jan-30 20:29:36 14336.9 584.014 1 598
2005-Jan-30 20:37:20 14386 585.725 1 595
2005-Jan-30 20:45:04 14547 591.628 1 598
2005-Jan-30 20:52:48 15241.2 573.911 1 600
2005-Jan-30 21:00:32 14863.5 586.936 1 600
2005-Jan-30 21:08:16 15091.4 613.021 1 599
2005-Jan-30 21:16:00 14861.9 566.892 1 595
2005-Jan-30 21:23:44 14743.7 557.014 1 595
2005-Jan-30 21:31:28 14594.9 602.776 1 601
2005-Jan-30 21:39:12 15210.2 600.693 1 599
2005-Jan-30 21:46:56 14917.4 600.008 1 598
2005-Jan-30 21:54:40 14863.7 595.91 1 593
2005-Jan-30 22:02:24 14617.8 581.054 1 595
2005-Jan-30 22:10:08 15159.7 574.269 1 592
2005-Jan-30 22:17:52 14865.3 588.733 1 593
2005-Jan-30 22:25:36 14362.5 584.729 1 591
2005-Jan-30 22:33:20 14655.2 561.706 1 596
2005-Jan-30 22:41:04 14782.2 586.686 1 595
2005-Jan-30 22:48:48 14917 559.555 1 596
2005-Jan-30 22:56:32 14407.5 560.99 1 596
2005-Jan-30 23:04:16 14639 568.526 1 597
2005-Jan-30 23:12:00 15431.6 596.567 1 594
2005-Jan-30 23:19:44 15888.7 579.021 1 592
2005-Jan-30 23:27:28 15359.2 579.879 1 594
2005-Jan-30 23:35:12 14648.1 579.095 1 593
#$1.34876e-16 -1.706e-16 2
#$1.49195e-16 -7.33747e-17 0
#$1.50825e-16 -3.1973e-16 1
#PROFILE segment=3 windows=46 fft_qc_s=0.0748332 pack_s=0.02437 stack_s=5.68989 fit_s=0.00117179 total_s=5.79227
#Segment 2005-Jan-30 3 accepted_windows=46
#Start/Users/knishida/Projects/Autofocusing/repo/build-clang/matrix-audit-20050115-31/input/2005/0131/20050310000.h5 687 549.924s
#LOAD_PROFILE init_s=0.0397277 read_decode_copy_s=3.00746 filter_s=0.252121 total_s=3.29931
#Read data: load_h5 /Users/knishida/Projects/Autofocusing/repo/build-clang/matrix-audit-20050115-31/input/2005/0131/20050310000.h5 687 553.228s
2005-Jan-31 00:00:00 14656.8 578.301 1 596
2005-Jan-31 00:07:44 13859.3 558.908 1 591
2005-Jan-31 00:15:28 14534.3 531.231 1 595
2005-Jan-31 00:23:12 14553 556.468 1 595
2005-Jan-31 00:30:56 14117.1 573.78 1 589
2005-Jan-31 00:46:24 15653.4 616.469 1 590
2005-Jan-31 01:17:20 14310.4 562.304 1 595
2005-Jan-31 01:25:04 14880.4 523.643 1 592
2005-Jan-31 01:32:48 14671.5 531.74 1 594
2005-Jan-31 01:40:32 14513.1 534.003 1 591
2005-Jan-31 01:48:16 13949.6 516.9 1 590
2005-Jan-31 01:56:00 14232.7 555.018 1 591
2005-Jan-31 02:03:44 16067.6 557.169 1 589
2005-Jan-31 02:11:28 15743.1 532.575 1 592
2005-Jan-31 02:19:12 14335.4 522.225 1 591
2005-Jan-31 02:26:56 14315.1 525.017 1 594
2005-Jan-31 02:34:40 14530.7 496.073 1 592
2005-Jan-31 02:42:24 14234.6 550.649 1 590
2005-Jan-31 02:50:08 14997.3 543.145 1 588
2005-Jan-31 02:57:52 15074.5 523.939 1 592
2005-Jan-31 03:05:36 15119.6 525.053 1 591
2005-Jan-31 03:13:20 14395.8 504.636 1 593
2005-Jan-31 03:21:04 15104.7 540.248 1 593
2005-Jan-31 03:28:48 14754.6 505.878 1 587
2005-Jan-31 03:36:32 14208.6 488.314 1 589
2005-Jan-31 03:44:16 13831.3 485.069 1 590
2005-Jan-31 03:52:00 13850.2 485.712 1 592
2005-Jan-31 03:59:44 14621.7 503.667 1 593
2005-Jan-31 04:07:28 14429.7 489.908 1 587
2005-Jan-31 04:15:12 13949 478.017 1 591
2005-Jan-31 04:22:56 14369.2 473.032 1 593
2005-Jan-31 04:30:40 14195.5 482.39 1 592
2005-Jan-31 04:38:24 13793.7 459.042 1 591
2005-Jan-31 04:46:08 14698.9 476.403 1 590
2005-Jan-31 04:53:52 13786.8 470.441 1 590
2005-Jan-31 05:01:36 13981 498.795 1 595
2005-Jan-31 05:09:20 14364.9 483.359 1 594
2005-Jan-31 05:17:04 14613.3 449.276 1 596
2005-Jan-31 05:24:48 14234.3 452.59 1 596
2005-Jan-31 05:32:32 14134.8 431.642 1 595
2005-Jan-31 05:40:16 14766.8 431.762 1 598
2005-Jan-31 05:48:00 14371.6 424.27 1 594
2005-Jan-31 05:55:44 13917.8 441.954 1 597
2005-Jan-31 06:03:28 14157.7 420.718 1 594
#$1.06468e-16 -1.36055e-16 2
#$1.43243e-16 -7.52809e-17 0
#$1.46434e-16 -3.13378e-16 1
#PROFILE segment=0 windows=44 fft_qc_s=0.0775067 pack_s=0.0232025 stack_s=5.39308 fit_s=0.00118254 total_s=5.49701
#Segment 2005-Jan-31 0 accepted_windows=44
2005-Jan-31 05:55:44 13917.8 441.954 1 597
2005-Jan-31 06:03:28 14157.7 420.718 1 594
2005-Jan-31 06:11:12 13914.1 425.968 1 594
2005-Jan-31 06:18:56 14971.1 415.615 1 593
2005-Jan-31 06:26:40 14730.5 414.771 1 595
2005-Jan-31 06:34:24 14209.6 423.708 1 593
2005-Jan-31 06:42:08 14386.7 424.983 1 595
2005-Jan-31 06:49:52 14234.3 411.516 1 595
2005-Jan-31 06:57:36 17521.3 409.152 1 594
2005-Jan-31 07:05:20 16834.5 447.067 1 600
2005-Jan-31 07:20:48 14538.7 389.066 1 598
2005-Jan-31 07:28:32 14422.1 398.309 1 599
2005-Jan-31 07:36:16 14292.4 362.941 1 596
2005-Jan-31 07:44:00 14178.5 375.663 1 601
2005-Jan-31 07:51:44 13949.7 344.901 1 603
2005-Jan-31 07:59:28 14057.9 364.121 1 601
2005-Jan-31 08:07:12 14411.5 345.852 1 599
2005-Jan-31 08:14:56 14100.7 337.839 1 600
2005-Jan-31 08:22:40 13667.8 339.313 1 604
2005-Jan-31 08:30:24 14781 341.29 1 604
2005-Jan-31 08:38:08 13929.5 338.496 1 604
2005-Jan-31 09:09:04 14238.6 331.261 1 611
2005-Jan-31 09:16:48 14394.3 333.619 1 609
2005-Jan-31 09:24:32 14509 305.672 1 605
2005-Jan-31 09:32:16 14233 308.049 1 608
2005-Jan-31 09:40:00 14226.1 321.913 1 609
2005-Jan-31 09:47:44 13766.2 295.088 1 614
2005-Jan-31 09:55:28 14092 305.948 1 611
2005-Jan-31 10:03:12 14588.2 313.46 1 612
2005-Jan-31 10:18:40 14955.2 367.66 1 611
2005-Jan-31 10:26:24 15627.8 362.662 1 616
2005-Jan-31 10:34:08 17041.9 338.042 1 614
2005-Jan-31 10:41:52 16499.8 322.461 1 611
2005-Jan-31 10:49:36 30675.9 342.427 1 616
2005-Jan-31 10:57:20 31839.4 354.955 1 619
2005-Jan-31 11:05:04 17971.3 319.977 1 620
2005-Jan-31 11:12:48 14805.3 294.993 1 617
2005-Jan-31 11:20:32 14852 288.897 1 620
2005-Jan-31 11:28:16 14292.2 285.45 1 617
2005-Jan-31 11:36:00 14039.5 291.303 1 619
2005-Jan-31 11:43:44 14192.8 271.249 1 616
2005-Jan-31 11:51:28 14357.5 281.212 1 622
2005-Jan-31 11:59:12 13867.4 281.751 1 623
#$9.47639e-17 -1.13827e-16 2
#$1.30799e-16 -7.37149e-17 0
#$1.38174e-16 -2.80309e-16 1
#PROFILE segment=1 windows=43 fft_qc_s=0.0781172 pack_s=0.0231177 stack_s=5.39384 fit_s=0.00116196 total_s=5.49824
#Segment 2005-Jan-31 1 accepted_windows=43
2005-Jan-31 11:51:28 14357.5 281.212 1 622
2005-Jan-31 11:59:12 13867.4 281.751 1 623
2005-Jan-31 12:06:56 13860.1 284.352 1 623
2005-Jan-31 12:14:40 14222.7 280.895 1 621
2005-Jan-31 12:22:24 14721 281.969 1 624
2005-Jan-31 12:30:08 15059.5 295.616 1 627
2005-Jan-31 12:37:52 14408.6 293.408 1 624
2005-Jan-31 12:45:36 14415.7 272.557 1 624
2005-Jan-31 13:16:32 14435.5 311.104 1 624
2005-Jan-31 13:24:16 14307.7 319.109 1 625
2005-Jan-31 13:32:00 14012.8 326.123 1 629
2005-Jan-31 13:39:44 14532.7 314.286 1 628
2005-Jan-31 13:47:28 14212.7 342.872 1 624
2005-Jan-31 13:55:12 14408.6 336.835 1 625
2005-Jan-31 14:02:56 14233.8 342.818 1 627
2005-Jan-31 14:10:40 14156.6 339.56 1 631
2005-Jan-31 14:18:24 14390.7 369.015 1 628
2005-Jan-31 14:26:08 14499.4 343.13 1 623
2005-Jan-31 14:41:36 15049.7 390.766 1 625
2005-Jan-31 14:49:20 14587.1 385.265 1 629
2005-Jan-31 14:57:04 14482.5 399.116 1 625
2005-Jan-31 15:04:48 14879.6 413.278 1 627
2005-Jan-31 15:12:32 14457 443.561 1 627
2005-Jan-31 15:20:16 14713.6 434.973 1 630
2005-Jan-31 15:28:00 14829.1 438.908 1 631
2005-Jan-31 15:35:44 14462.5 453.494 1 632
2005-Jan-31 15:43:28 14867.3 464.915 1 636
2005-Jan-31 15:51:12 14722.4 493.027 1 631
2005-Jan-31 15:58:56 14137.8 527.437 1 633
2005-Jan-31 16:06:40 14901.4 517.842 1 632
2005-Jan-31 16:14:24 14412.2 527.714 1 630
2005-Jan-31 16:22:08 14702.2 553.799 1 627
2005-Jan-31 16:29:52 14538.9 571.613 1 629
2005-Jan-31 16:37:36 14989.9 592.053 1 635
2005-Jan-31 16:45:20 14472.8 551.598 1 634
2005-Jan-31 16:53:04 14311.3 593.119 1 634
2005-Jan-31 17:00:48 14430.6 573.736 1 629
2005-Jan-31 17:08:32 14182.1 624.046 1 632
2005-Jan-31 17:16:16 14031.7 605.596 1 630
2005-Jan-31 17:24:00 14380.7 635.929 1 634
2005-Jan-31 17:31:44 15481.2 669.03 1 635
2005-Jan-31 17:39:28 15533.2 696.841 1 630
2005-Jan-31 17:47:12 14045 695.459 1 629
2005-Jan-31 17:54:56 14803.9 670.422 1 634
#$1.56386e-16 -1.71905e-16 2
#$2.04115e-16 -1.2226e-16 0
#$1.86785e-16 -3.54622e-16 1
#PROFILE segment=2 windows=44 fft_qc_s=0.0779806 pack_s=0.0238122 stack_s=5.72182 fit_s=0.00121533 total_s=5.82678
#Segment 2005-Jan-31 2 accepted_windows=44
2005-Jan-31 17:47:12 14045 695.459 1 629
2005-Jan-31 17:54:56 14803.9 670.422 1 634
2005-Jan-31 18:02:40 14428.2 667.722 1 630
2005-Jan-31 18:10:24 13576.5 678.596 1 629
2005-Jan-31 18:18:08 14445 684.32 1 634
2005-Jan-31 19:12:16 14609.9 849.914 1 634
2005-Jan-31 19:20:00 14641.1 823.429 1 627
2005-Jan-31 19:27:44 14527.5 830.128 1 631
2005-Jan-31 19:35:28 14557.5 855.52 1 632
2005-Jan-31 19:43:12 14314.9 877.232 1 632
2005-Jan-31 19:50:56 14802.5 861.167 1 629
2005-Jan-31 19:58:40 14512.7 792.524 1 633
2005-Jan-31 20:06:24 13998.3 868.455 1 635
2005-Jan-31 20:14:08 14910.6 880.998 1 634
2005-Jan-31 20:21:52 15225.5 900.45 1 631
2005-Jan-31 20:29:36 14145.1 884.19 1 632
2005-Jan-31 20:37:20 14103.4 898.719 1 629
2005-Jan-31 20:45:04 15092.1 939.072 1 632
2005-Jan-31 20:52:48 14528.5 917.693 1 630
2005-Jan-31 21:00:32 14660.8 903.826 1 631
2005-Jan-31 21:08:16 14412.3 963.44 1 633
2005-Jan-31 21:16:00 14694.9 978.521 1 631
2005-Jan-31 21:23:44 14117.7 965.923 1 627
2005-Jan-31 21:31:28 15173.5 958.316 1 629
2005-Jan-31 21:39:12 14894.2 933.017 1 629
2005-Jan-31 21:46:56 14420.6 950.083 1 631
2005-Jan-31 21:54:40 13979.8 985.796 1 630
2005-Jan-31 22:02:24 13993.4 977.418 1 630
2005-Jan-31 22:10:08 13779.9 994.114 1 628
2005-Jan-31 22:17:52 14322.7 989.452 1 635
2005-Jan-31 22:25:36 14804.8 994.552 1 636
2005-Jan-31 22:33:20 15674.6 1027.03 1 633
2005-Jan-31 22:41:04 15547.3 1056.13 1 633
2005-Jan-31 22:48:48 14286.5 1034.16 1 635
2005-Jan-31 22:56:32 14417.8 968.233 1 632
2005-Jan-31 23:04:16 14981.9 998.708 1 632
2005-Jan-31 23:12:00 14821.6 975.48 1 634
2005-Jan-31 23:19:44 13906.7 989.424 1 634
2005-Jan-31 23:27:28 14697.5 983.67 1 635
2005-Jan-31 23:35:12 14875.2 940 1 635
#$2.3269e-16 -2.68997e-16 2
#$2.42785e-16 -1.4741e-16 0
#$2.59044e-16 -4.93736e-16 1
#PROFILE segment=3 windows=40 fft_qc_s=0.075059 pack_s=0.0217573 stack_s=5.22612 fit_s=0.001157 total_s=5.32611
#Segment 2005-Jan-31 3 accepted_windows=40
#ScanSummary days=17 missing=0 empty=0 multiple=0 loaded=17
#PROFILE accepted_windows_total=2424
#CPU_PROFILE stage=objective context=serial_caller calls=18378 inclusive_s=155.238
#CPU_PROFILE stage=objective context=outer_parallel calls=11625 inclusive_s=67.5169
#CPU_PROFILE stage=hessian context=serial_caller calls=1417 inclusive_s=13.4172
#CPU_PROFILE stage=hessian context=outer_parallel calls=0 inclusive_s=0
#CPU_PROFILE stage=rotation context=serial_caller calls=465 inclusive_s=0.901569
#CPU_PROFILE stage=rotation context=outer_parallel calls=0 inclusive_s=0
#CPU_PROFILE stage=fitting context=serial_caller calls=155 inclusive_s=30.7328
#CPU_PROFILE stage=fitting context=outer_parallel calls=0 inclusive_s=0
